file,sha256
BATTS_commit.txt,e2261adb064c4e6d7bfc8e885a1c5da4cf80823e9b1da5229b89f2fd5d71137a
REPORT.md,2ec75297e4d81e0930cf98bfc5e1cc992cfd5c755942975f74d03b057a570938
boosting_cv_summary.csv,4d8a8a07a1207d183ab257cc6e6fea5a9b4cc06e62d0604653cbac7551baea2c
comparison_to_paper.csv,c1e5619b7a212268f9cc4f979d3910988520d02adf1aa590ac5518a4dec07a35
figures/figure6_ggplot2.pdf,fe595cdae6f3d107fd2ebea4ef4a40181e5a5515e3061b2483bd4b1e4df3da75
figures/figure6_plot_data.csv,e658faeec409063ea54c77f92a6e4d2657111ab614a375a47714f1bd036c14e5
figures/figure7_ggplot2.pdf,2c98a4527e01f38bf7d876ad6bbb2b02832d2a01f8386c044cd8b9abd9d74c25
figures/figure7_plot_data.csv,d40ad728f3da20a83a6c56062aba0727d52f64ddc87285f968b0e20edeeca4db
figures/figureS10_ggplot2.pdf,82195018ba2b28ae9f3378512644a01a944118921dd35dc277c9721c799ad552
figures/figureS10_plot_data.csv,8e0aba9b5da05581b3c9de2d0e193aefce7d8ae5e4069f0fc813b0cdc1e0652d
figures/figureS11_ggplot2.pdf,73feffe6dc37af63bcab956db705696e19c686fa18a7c31a3b6c35848900183b
figures/figureS11_plot_data.csv,bf452990ef54a689dae73aaad69ada01f3964d12c03b0ff60798f0ce87e15d4b
figures/figureS12_ggplot2.pdf,7fefc2192997998d857e3a4d71a97d6afc02ee7ab35cd927e7a541f2d0b5e0c4
figures/figureS12_plot_data.csv,a2f03ecceec2acf16736f0080dc4c523264deccf042cbb5ef99d6d447b9c95a5
figures/figureS8_ggplot2.pdf,0c78ad0bdda2190562e7700dfd6b7a6ed89124c3d6ecbd2e174272921e10fc2c
figures/figureS8_plot_data.csv,7e122845452ea095866878eecac93f2346d83b9e1daff0df150cbb13dcc2a052
figures/figureS9_ggplot2.pdf,ee7f2a053834b467de3ed26639789e9402eb4255a923d870c3a57b31e0ac1edf
figures/figureS9_plot_data.csv,1a20dfedc7c41bbe75aa2f24affc866366ae3d3fd7c97175c34270f9cd059f08
figures/sessionInfo.txt,4a21219d3b2ef5053e99f046c27e9c5ed9ef5debdc05350daad07bbb2e1f6de5
input_checksums.csv,ee3bb14a1728e8d43f41cf9b92f8f718a3865a2c9b414f7b49f67dd3b2dfc080
interval_summary.csv,b7ef420fbda7ed78443d92be34550f591df8c57587b07a613feac1d2c014ddfa
null/coverage_summary.csv,aa999bff3288004bf39ffca1886dfa04607800f1f5099622279798ed805c5106
null/intervals_excluding_zero.csv,97c91988089648b95c1bce82ab8cf0247dbcc28a9d7e382c9dfc65fb5af605d8
null/prediction_check.txt,137992e1e3f06d565b933d5480b5552722aba9053a1076b75f5c206381b763d9
null/sessionInfo.txt,55dd9f7c59b0ea74c170c61384480ffca777dcfa148cfccf58a0e724a93f5cf7
null/test_pointwise_credible_intervals.csv,666162cf736f8a36c9bc0a3d5ce3c9e45d560b7cb2c58055b76d1da1e5845a40
null_comparison_to_paper.csv,348d2124739da50c308244917a075ddeb495581f48d042462b31976d554e5b23
revision/test/log_w_d.csv,2356d1a8372e3342a71258181dcb8a1209bb4d64a5ee83bdf87fc491ea77372e
revision/test/log_w_dt.csv,a965cf95eb45100bb40c2a54ae8321235a482bd759ce068c5e0daec6c7f10235
revision/test/log_w_icfm.csv,af3696f17f525be2a8374cba35200e9d832c61bff96cb9b4eb1797597b1cd6be
revision/test/log_w_mbgan.csv,a687561587b44b1361ec75bfdcdaf80b3318129c936c71790cde30a3665afa20
revision/train/log_w_d.csv,31878b3b0ec6e84c9d0bb267fa667b2fbee6f5e0d013464c3762c0db72c9e164
revision/train/log_w_dt.csv,8664ecf8be7ad8900ad5ae916c7917fd63f06c09e80c960ab660210df2d2db7d
revision/train/log_w_icfm.csv,5f5fb2bf1380ed9c8724c9725f8e2bc31647d0cd6de26a1744276d4983c884b3
revision/train/log_w_mbgan.csv,490d35f7e86d0dbcea356c8db3c5b1ee3a35476aa3ec687775f28397f57d73ef
sessionInfo.txt,55dd9f7c59b0ea74c170c61384480ffca777dcfa148cfccf58a0e724a93f5cf7
settings.R,d8ed2e817935eb6735956efef36aa578be595f8e5dda7eef5c66dd03b99e3352
timing.csv,eeb8a56c656a26c27624ed1eca38f48dbdb029bd627b427e0ae33f7f4c00de6b
