"split","generator","statistic","max_abs_difference","rmse","mean_difference","correlation"
"train","d","gradient",1.06581410364015e-14,1.39548792425079e-15,-8.16008797416103e-17,1
"train","d","hellinger",1.17079589502995,0.245401992374047,-0.00222718030614634,0.999597557041962
"train","d","posterior_mean",8.3565000373611,1.71035510891379,0.015806025850354,0.991810817687354
"train","d","q025",8.0729016382753,1.76663671822425,0.117387603052249,0.991503214040349
"train","d","q05",8.0681274288279,1.75965390789349,0.118610878716538,0.991537890733249
"train","d","q10",8.1332991037604,1.75199449256287,0.114993801761332,0.991582911709015
"train","d","q50",8.4032175622992,1.73211697554955,0.0140489538118681,0.991625479188695
"train","d","q90",8.4791552284672,1.75604051461084,-0.083164341356053,0.991189473948458
"train","d","q95",8.3880697955099,1.76743294353522,-0.0948829048374895,0.99105095743722
"train","d","q975",8.3114463536772,1.77703940283641,-0.0988654613650152,0.990937110499
"train","dt","gradient",0.49592407237098,0.11617163871022,0.00800985028809728,0.999885396667977
"train","dt","hellinger",0.0568295099050005,0.0186137882095093,0.00343100045699265,0.999998824099008
"train","dt","posterior_mean",6.8564359332951,1.84005928942648,0.0388198493669698,0.991573348803064
"train","dt","q025",7.8251331303673,1.88134067025117,-0.0368214223667702,0.991323675172928
"train","dt","q05",7.7115832327154,1.88118452140408,-0.0399403864860177,0.991334671237579
"train","dt","q10",7.0813194026877,1.87821966857361,-0.0424743337434333,0.991366591178374
"train","dt","q50",6.7090394029005,1.87023830152605,0.0280420664044847,0.991324590886874
"train","dt","q90",7.3403563110979,1.85916786925,0.142633031932714,0.991089388040267
"train","dt","q95",7.4040112355604,1.85810016716142,0.149084137741133,0.991035301670325
"train","dt","q975",7.4193825301879,1.85982137972097,0.149852421318821,0.990982421281169
"train","icfm","gradient",1.06581410364015e-14,2.36256295070736e-15,-9.76958259533025e-17,1
"train","icfm","hellinger",0.0641221700398997,0.00938747403922327,0.000460377317346917,0.999997573751253
"train","icfm","posterior_mean",9.37271348642892,4.46587467051948,0.168506265085562,0.978792213054657
"train","icfm","q025",10.5190137497862,4.62599972469885,-0.134028222079568,0.977938830679644
"train","icfm","q05",10.6794302411231,4.66895212840924,-0.179585212799073,0.97749399098578
"train","icfm","q10",10.5608615237406,4.67113665253678,-0.196741840847442,0.977612107637678
"train","icfm","q50",9.09633140563073,4.29061925109997,0.206763417575922,0.978666545504467
"train","icfm","q90",9.51358779518771,4.59718520124816,0.484005744968179,0.977233342584492
"train","icfm","q95",9.53830391619944,4.62424392306033,0.491284614679118,0.977135065976158
"train","icfm","q975",9.49771919398333,4.63026911682478,0.491375917513706,0.977156256247635
"train","mbgan","gradient",1.02140518265514e-14,1.53378643983869e-15,-2.77495289109922e-16,1
"train","mbgan","hellinger",0.034212498924817,0.00534201791385488,0.00121262979709402,0.999991211476093
"train","mbgan","posterior_mean",3.245971707293,0.842199597911739,0.0643069862305165,0.833962860876051
"train","mbgan","q025",3.30770400703558,0.86846273340312,0.123454009200655,0.830381967699904
"train","mbgan","q05",3.32396130156512,0.867296226679936,0.118843522317512,0.83016455814143
"train","mbgan","q10",3.31557276216259,0.864581600176226,0.113848831704261,0.830438636193239
"train","mbgan","q50",3.22091658911515,0.847523159511058,0.0688432759290948,0.833405310879549
"train","mbgan","q90",3.24204315009865,0.830293041551181,0.00803011773831375,0.833192053065341
"train","mbgan","q95",3.32425081244933,0.829184273846098,0.00157454583243734,0.83234357984968
"train","mbgan","q975",3.35544619542691,0.828341204097977,-0.00374327078430197,0.831752988706618
"test","d","gradient",0.86525659183689,0.322479505807971,-0.17876207421103,0.999645254735526
"test","d","hellinger",0.38788354174594,0.115205372212226,0.0016393302697804,0.99980174014891
"test","d","posterior_mean",1.6219526569003,0.478955655040358,0.022313881031578,0.913284748619912
"test","d","q025",1.59697588088895,0.508760843478918,0.00475455984335968,0.911911309779285
"test","d","q05",1.54596581501532,0.504590381323945,0.00761952761471238,0.911489637918039
"test","d","q10",1.57898736647786,0.498706237515561,0.0103896490592854,0.91148226386876
"test","d","q50",1.65801130253133,0.480560343537931,0.0207512665844761,0.911930364459272
"test","d","q90",1.6280021777072,0.469482209885083,0.0371037250017108,0.913281249169145
"test","d","q95",1.62245444568218,0.46805991400961,0.0417260474578266,0.913655602953535
"test","d","q975",1.55599379281569,0.467662417156511,0.0442758504308594,0.91383407042135
"test","dt","gradient",0.26612143090225,0.116775381382542,-0.0620489026753897,0.999966240142166
"test","dt","hellinger",0.29814930002807,0.11351816346702,-0.054189007218497,0.999966689629198
"test","dt","posterior_mean",1.60626776081778,0.526027534380257,0.071671560780159,0.979928286946845
"test","dt","q025",1.80856844186001,0.52843067389002,0.04079968101286,0.979667160908018
"test","dt","q05",1.84334712855307,0.526118180664413,0.0469549242025032,0.97986343165485
"test","dt","q10",1.80459273950157,0.529521863559236,0.0567828748175341,0.979657181932269
"test","dt","q50",1.62052139709383,0.53471073757704,0.0739037727972516,0.97923452776914
"test","dt","q90",1.56844947503295,0.523357126166258,0.0833200840358362,0.980141696773719
"test","dt","q95",1.58970483044236,0.522124644455745,0.0874022030039389,0.980305955679196
"test","dt","q975",1.56911800757364,0.519570973030941,0.0876961729396233,0.980515583194057
"test","icfm","gradient",0.71992724114296,0.141315279112341,-0.0603052610008157,0.999385964125077
"test","icfm","hellinger",0.607794212707599,0.106964559519663,-0.00328110956608328,0.999493037522298
"test","icfm","posterior_mean",4.23893257302639,1.0836155504686,-0.361368812594642,0.948310735775524
"test","icfm","q025",4.22031171441537,1.18681736199501,-0.452086758945334,0.94992973611169
"test","icfm","q05",4.22481208924988,1.19685572129059,-0.473698261384841,0.949158354482193
"test","icfm","q10",4.28881138682794,1.23098539947746,-0.515880677535067,0.945917209663393
"test","icfm","q50",4.2649673415351,0.997104808469088,-0.253923558935721,0.946325163504071
"test","icfm","q90",4.36182466684448,1.18439300178974,-0.376349564417647,0.944617125255104
"test","icfm","q95",4.35649432316069,1.19582339645242,-0.403501912906169,0.945410708558571
"test","icfm","q975",4.40364424163546,1.20286807728727,-0.42152661829546,0.94578852619166
"test","mbgan","gradient",0.43123706112568,0.153207596153234,-0.0687471234599178,0.996825598621473
"test","mbgan","hellinger",0.022227420142969,0.00397037232437562,-0.000367321819610902,0.999986041840597
"test","mbgan","posterior_mean",0.289038690166677,0.174509803450524,0.0411895823126107,0.360087582296643
"test","mbgan","q025",0.341816996188415,0.191859616816609,0.113240367178058,0.360457558408249
"test","mbgan","q05",0.335839627506155,0.189561293129356,0.1089283269287,0.34663478848999
"test","mbgan","q10",0.316401807360885,0.185406780007946,0.0995664318582164,0.348670991557655
"test","mbgan","q50",0.306933310827078,0.177440292832836,0.0397488263574912,0.349975161465908
"test","mbgan","q90",0.37541783888956,0.180313782275733,-0.0134598594123809,0.360854765451812
"test","mbgan","q95",0.393008372451244,0.181654739225651,-0.0219796635166658,0.381635201362814
"test","mbgan","q975",0.407700961483007,0.18226344098242,-0.026923751533093,0.410097158552092
