"split","generator","source","n","old_cover_zero","new_cover_zero","changed_interval_class","new_mean_abs_log_ratio","new_mean_interval_width"
"train","d","Real",1166,0,0,0,12.2107437091179,2.68676497288547
"train","d","Generated",1000,0,0,0,12.9354133312873,3.27318278281653
"train","dt","Real",1166,0,0,0,12.3671750501698,2.92950508947448
"train","dt","Generated",1000,0,0,0,12.1164647537991,2.95902307847208
"train","icfm","Real",1166,3,0,3,9.14705802305527,2.70124128097333
"train","icfm","Generated",1000,29,0,33,11.3179132930184,3.48037233278443
"train","mbgan","Real",1166,304,335,349,1.022971491305,1.1829127599235
"train","mbgan","Generated",1000,274,293,279,1.13321231893658,1.21535225568529
"test","d","Real",292,75,82,23,1.23492876648751,1.30907032516437
"test","d","Generated",1000,278,303,207,1.05901463631429,1.61078216322786
"test","dt","Real",292,22,25,7,2.94308429896466,1.46680945158014
"test","dt","Generated",1000,52,41,31,2.4622882280842,1.48199048307126
"test","icfm","Real",292,2,3,3,2.94524734798,1.99353392942508
"test","icfm","Generated",1000,103,57,97,3.58547361120151,2.34463232344616
"test","mbgan","Real",292,292,292,0,0.034953723872012,0.734137076092781
"test","mbgan","Generated",1000,1000,1000,0,0.0351829569145366,0.717746535090585
