"split","generator","estimator","seconds"
"test","d","batts",45.321
"test","d","gradient",57.413
"test","d","hellinger",53.578
"test","dt","batts",45.177
"test","dt","gradient",53.797
"test","dt","hellinger",52.891
"test","icfm","batts",44.545
"test","icfm","gradient",59.053
"test","icfm","hellinger",52.948
"test","mbgan","batts",44.419
"test","mbgan","gradient",55.454
"test","mbgan","hellinger",49.873
"train","d","batts",82.258
"train","d","gradient",101.317
"train","d","hellinger",102.427
"train","dt","batts",79.813
"train","dt","gradient",101.614
"train","dt","hellinger",103.276
"train","icfm","batts",83.4119999999999
"train","icfm","gradient",97.937
"train","icfm","hellinger",96.025
"train","mbgan","batts",82.4250000000001
"train","mbgan","gradient",98.125
"train","mbgan","hellinger",96.948
