split,csv_row,sample_id,source_studies,exact_candidates,source_samples
train,1,PSM6XBSS,HMP_2019_ibdmdb,1,PSM6XBSS
train,2,MSM9VZHB,HMP_2019_ibdmdb,1,MSM9VZHB
train,3,HSM7J4O7,HMP_2019_ibdmdb,1,HSM7J4O7
train,4,HSM7J4G8,HMP_2019_ibdmdb,1,HSM7J4G8
train,5,MSM5LLI2_P,HMP_2019_ibdmdb,1,MSM5LLI2_P
train,6,PSMA264Q,HMP_2019_ibdmdb,1,PSMA264Q
train,7,MSM9VZKE,HMP_2019_ibdmdb,1,MSM9VZKE
train,8,HSMA33NY,HMP_2019_ibdmdb,1,HSMA33NY
train,9,p9223_mo1,HallAB_2017,1,p9223_mo1
train,10,PSM6XBU2,HMP_2019_ibdmdb,1,PSM6XBU2
train,11,HMP2_J43821_M_ST_T0_B0_0120_ZX52KVK-04_C93B2ANXX,HMP_2019_t2d,1,HMP2_J43821_M_ST_T0_B0_0120_ZX52KVK-04_C93B2ANXX
train,12,MSM9VZOG,HMP_2019_ibdmdb,1,MSM9VZOG
train,13,MSM79HBZ,HMP_2019_ibdmdb,1,MSM79HBZ
train,14,SKST032_3_G102989,HallAB_2017,1,SKST032_3_G102989
train,15,HSM7J4MC,HMP_2019_ibdmdb,1,HSM7J4MC
train,16,MSM79HEY,HMP_2019_ibdmdb,1,MSM79HEY
train,17,PSM7J1BB,HMP_2019_ibdmdb,1,PSM7J1BB
train,18,PSMA269G,HMP_2019_ibdmdb,1,PSMA269G
train,19,MG100168,HanniganGD_2017,1,MG100168
train,20,MSM6J2QB,HMP_2019_ibdmdb,1,MSM6J2QB
train,21,HSMA33RX_TR,HMP_2019_ibdmdb,1,HSMA33RX_TR
train,22,MSM79HAL,HMP_2019_ibdmdb,1,MSM79HAL
train,23,HMP2_J00828_M_ST_T0_B0_0120_ZN9YTFN-1013_HA986ADXX,HMP_2019_t2d,1,HMP2_J00828_M_ST_T0_B0_0120_ZN9YTFN-1013_HA986ADXX
train,24,MSMA26AL,HMP_2019_ibdmdb,1,MSMA26AL
train,25,HMP2_J15238_M_ST_T0_B0_0120_ZW61YGW-02_BHLVVGADXX,HMP_2019_t2d,2,HMP2_J15238_M_ST_T0_B0_0120_ZW61YGW-02_BHLVVGADXX;HMP2_J15238_M_ST_T0_B0_0120_ZW61YGW-02_GES15-03634
train,26,HSM6XRUN,HMP_2019_ibdmdb,1,HSM6XRUN
train,27,MSM79H7C,HMP_2019_ibdmdb,1,MSM79H7C
train,28,PSM7J15W,HMP_2019_ibdmdb,1,PSM7J15W
train,29,HSM7J4Q1,HMP_2019_ibdmdb,1,HSM7J4Q1
train,30,p9193_mo1,HallAB_2017,1,p9193_mo1
train,31,PSM7J15A,HMP_2019_ibdmdb,1,PSM7J15A
train,32,PSM7J186,HMP_2019_ibdmdb,1,PSM7J186
train,33,HSMA33SI,HMP_2019_ibdmdb,1,HSMA33SI
train,34,HSM6XRQW,HMP_2019_ibdmdb,1,HSM6XRQW
train,35,MSM79H5G,HMP_2019_ibdmdb,1,MSM79H5G
train,36,HMP2_J43802_M_ST_T0_B0_0120_ZMGT937-06_C93B2ANXX,HMP_2019_t2d,1,HMP2_J43802_M_ST_T0_B0_0120_ZMGT937-06_C93B2ANXX
train,37,HSM7CZ2X_P,HMP_2019_ibdmdb,1,HSM7CZ2X_P
train,38,HMP2_J43816_M_ST_T0_B0_0120_ZYLJ7R7-1014_C93B2ANXX,HMP_2019_t2d,1,HMP2_J43816_M_ST_T0_B0_0120_ZYLJ7R7-1014_C93B2ANXX
train,39,MSM6J2PS,HMP_2019_ibdmdb,1,MSM6J2PS
train,40,PSM7J158,HMP_2019_ibdmdb,1,PSM7J158
train,41,PSM7J14P,HMP_2019_ibdmdb,1,PSM7J14P
train,42,MSM79H6L,HMP_2019_ibdmdb,1,MSM79H6L
train,43,HMP2_J00862_M_ST_T0_B0_0120_ZKVR426-1013_HA986ADXX,HMP_2019_t2d,1,HMP2_J00862_M_ST_T0_B0_0120_ZKVR426-1013_HA986ADXX
train,44,MSM79HAH,HMP_2019_ibdmdb,1,MSM79HAH
train,45,HSM7CYY9,HMP_2019_ibdmdb,1,HSM7CYY9
train,46,MSMA26BF,HMP_2019_ibdmdb,1,MSMA26BF
train,47,PSM7J169,HMP_2019_ibdmdb,1,PSM7J169
train,48,HSMA33J9,HMP_2019_ibdmdb,1,HSMA33J9
train,49,p8855_mo10,HallAB_2017,1,p8855_mo10
train,50,MSM9VZEQ,HMP_2019_ibdmdb,1,MSM9VZEQ
train,51,MSM6J2HR,HMP_2019_ibdmdb,1,MSM6J2HR
train,52,HSM7J4HS,HMP_2019_ibdmdb,1,HSM7J4HS
train,53,MSM5LLDI,HMP_2019_ibdmdb,1,MSM5LLDI
train,54,HMP2_J00863_M_ST_T0_B0_0120_ZKVR426-1014_AC9387ANXX,HMP_2019_t2d,1,HMP2_J00863_M_ST_T0_B0_0120_ZKVR426-1014_AC9387ANXX
train,55,PSM6XBQS,HMP_2019_ibdmdb,1,PSM6XBQS
train,56,HSM7CYX8,HMP_2019_ibdmdb,1,HSM7CYX8
train,57,SKST012_5_G102992,HallAB_2017,1,SKST012_5_G102992
train,58,PSM6XBS4_P,HMP_2019_ibdmdb,1,PSM6XBS4_P
train,59,HSM6XRRV,HMP_2019_ibdmdb,1,HSM6XRRV
train,60,SKST011_4_G102952,HallAB_2017,1,SKST011_4_G102952
train,61,MSM79H69,HMP_2019_ibdmdb,1,MSM79H69
train,62,MSM6J2QR,HMP_2019_ibdmdb,1,MSM6J2QR
train,63,p8649_mo12,HallAB_2017,1,p8649_mo12
train,64,MSM9VZL7,HMP_2019_ibdmdb,1,MSM9VZL7
train,65,HSM67VHK,HMP_2019_ibdmdb,1,HSM67VHK
train,66,PSM7J13M,HMP_2019_ibdmdb,1,PSM7J13M
train,67,PSM6XBRK,HMP_2019_ibdmdb,1,PSM6XBRK
train,68,HMP2_J05391_M_ST_T0_B0_0120_ZOZOW1T-55_HB5LAADX,HMP_2019_t2d,1,HMP2_J05391_M_ST_T0_B0_0120_ZOZOW1T-55_HB5LAADX
train,69,MSM6J2R8,HMP_2019_ibdmdb,1,MSM6J2R8
train,70,HSMA33OP,HMP_2019_ibdmdb,1,HSMA33OP
train,71,p8748_mo11,HallAB_2017,1,p8748_mo11
train,72,HSM7J4O9,HMP_2019_ibdmdb,1,HSM7J4O9
train,73,PSM7J19P,HMP_2019_ibdmdb,1,PSM7J19P
train,74,MSM5LLFO_P,HMP_2019_ibdmdb,1,MSM5LLFO_P
train,75,SKST006_9_G103014,HallAB_2017,1,SKST006_9_G103014
train,76,PSM6XBW1_P,HMP_2019_ibdmdb,1,PSM6XBW1_P
train,77,HSM7J4N6,HMP_2019_ibdmdb,1,HSM7J4N6
train,78,MG100164,HanniganGD_2017,1,MG100164
train,79,HMP2_J09105_M_ST_T0_B0_0120_ZM7JY3G-07_H7FHFBGXX_S37,HMP_2019_t2d,1,HMP2_J09105_M_ST_T0_B0_0120_ZM7JY3G-07_H7FHFBGXX_S37
train,80,HSMA33P6,HMP_2019_ibdmdb,1,HSMA33P6
train,81,PSMA266Y,HMP_2019_ibdmdb,1,PSMA266Y
train,82,MG100137,HanniganGD_2017,1,MG100137
train,83,HSM67VHS,HMP_2019_ibdmdb,1,HSM67VHS
train,84,HSM7J4Q7,HMP_2019_ibdmdb,1,HSM7J4Q7
train,85,MSM6J2JH_P,HMP_2019_ibdmdb,1,MSM6J2JH_P
train,86,PSM7J184,HMP_2019_ibdmdb,1,PSM7J184
train,87,p8600_mo7,HallAB_2017,1,p8600_mo7
train,88,HMP2_J16516_M_ST_T0_B0_0120_ZOZOW1T-83_HLH73BGXX_S11,HMP_2019_t2d,1,HMP2_J16516_M_ST_T0_B0_0120_ZOZOW1T-83_HLH73BGXX_S11
train,89,MSM79H5S,HMP_2019_ibdmdb,1,MSM79H5S
train,90,HMP2_J16506_M_ST_T0_B0_0120_ZOZOW1T-61_HLH73BGXX_S1,HMP_2019_t2d,1,HMP2_J16506_M_ST_T0_B0_0120_ZOZOW1T-61_HLH73BGXX_S1
train,91,PSMA267P,HMP_2019_ibdmdb,1,PSMA267P
train,92,MSM9VZJF_P,HMP_2019_ibdmdb,1,MSM9VZJF_P
train,93,PSM7J19T,HMP_2019_ibdmdb,1,PSM7J19T
train,94,HSMA33LH_TR,HMP_2019_ibdmdb,1,HSMA33LH_TR
train,95,HMP2_J15234_M_ST_T0_B0_0120_ZWCZHHY-01_BHLVVGADXX,HMP_2019_t2d,2,HMP2_J15234_M_ST_T0_B0_0120_ZWCZHHY-01_BHLVVGADXX;HMP2_J15234_M_ST_T0_B0_0120_ZWCZHHY-01_GES15-03630
train,96,MSM6J2LW,HMP_2019_ibdmdb,1,MSM6J2LW
train,97,HMP2_J05387_M_ST_T0_B0_0120_ZOZOW1T-54b_HB5LAADX,HMP_2019_t2d,1,HMP2_J05387_M_ST_T0_B0_0120_ZOZOW1T-54b_HB5LAADX
train,98,MG100159,HanniganGD_2017,1,MG100159
train,99,MSM9VZM4_P,HMP_2019_ibdmdb,1,MSM9VZM4_P
train,100,MSM9VZLX_P,HMP_2019_ibdmdb,1,MSM9VZLX_P
train,101,HSM6XRUZ,HMP_2019_ibdmdb,1,HSM6XRUZ
train,102,MSM6J2KA,HMP_2019_ibdmdb,1,MSM6J2KA
train,103,MSM9VZMA,HMP_2019_ibdmdb,1,MSM9VZMA
train,104,HSMA33QO,HMP_2019_ibdmdb,1,HSMA33QO
train,105,PSMA267F,HMP_2019_ibdmdb,1,PSMA267F
train,106,SKST011_5_G102993,HallAB_2017,1,SKST011_5_G102993
train,107,MSM79HEU,HMP_2019_ibdmdb,1,MSM79HEU
train,108,HMP2_J15239_M_ST_T0_B0_0120_ZW61YGW-03_BHLVVGADXX,HMP_2019_t2d,2,HMP2_J15239_M_ST_T0_B0_0120_ZW61YGW-03_BHLVVGADXX;HMP2_J15239_M_ST_T0_B0_0120_ZW61YGW-03_GES15-03635
train,109,HMP2_J43808_M_ST_T0_B0_0120_ZLZNCLZ-1033_C93B2ANXX,HMP_2019_t2d,1,HMP2_J43808_M_ST_T0_B0_0120_ZLZNCLZ-1033_C93B2ANXX
train,110,SKST027_4_G102958,HallAB_2017,1,SKST027_4_G102958
train,111,MSMAPC7R,HMP_2019_ibdmdb,1,MSMAPC7R
train,112,MSM79HDQ_TR,HMP_2019_ibdmdb,1,MSM79HDQ_TR
train,113,HSM7J4I7,HMP_2019_ibdmdb,1,HSM7J4I7
train,114,PSMA269W,HMP_2019_ibdmdb,1,PSMA269W
train,115,HMP2_J00840_M_ST_T0_B0_0120_ZLZNCLZ-01_HA986ADXX,HMP_2019_t2d,1,HMP2_J00840_M_ST_T0_B0_0120_ZLZNCLZ-01_HA986ADXX
train,116,HMP2_J43824_M_ST_T0_B0_0120_ZX52KVK-1022_C93B2ANXX,HMP_2019_t2d,1,HMP2_J43824_M_ST_T0_B0_0120_ZX52KVK-1022_C93B2ANXX
train,117,HMP2_J00886_M_ST_T0_B0_0120_ZKFV71L-02_HA986ADXX,HMP_2019_t2d,1,HMP2_J00886_M_ST_T0_B0_0120_ZKFV71L-02_HA986ADXX
train,118,HSM7J4LD,HMP_2019_ibdmdb,1,HSM7J4LD
train,119,HSM7J4LF,HMP_2019_ibdmdb,1,HSM7J4LF
train,120,SKST027_10_G102936,HallAB_2017,1,SKST027_10_G102936
train,121,p8649_mo8,HallAB_2017,1,p8649_mo8
train,122,HSM7J4Q9,HMP_2019_ibdmdb,1,HSM7J4Q9
train,123,p8816_mo5,HallAB_2017,1,p8816_mo5
train,124,MSM79H9Q,HMP_2019_ibdmdb,1,MSM79H9Q
train,125,p9220_mo2,HallAB_2017,1,p9220_mo2
train,126,SKST024_2_G102953,HallAB_2017,1,SKST024_2_G102953
train,127,MSM5LLFU_P,HMP_2019_ibdmdb,1,MSM5LLFU_P
train,128,HSM6XRSX_P,HMP_2019_ibdmdb,1,HSM6XRSX_P
train,129,HMP2_J00845_M_ST_T0_B0_0120_ZLGD9M0-05_AC9387ANXX,HMP_2019_t2d,1,HMP2_J00845_M_ST_T0_B0_0120_ZLGD9M0-05_AC9387ANXX
train,130,MSM6J2MF,HMP_2019_ibdmdb,1,MSM6J2MF
train,131,HSM7CYZD,HMP_2019_ibdmdb,1,HSM7CYZD
train,132,PSMA265B,HMP_2019_ibdmdb,1,PSMA265B
train,133,p8712_mo6,HallAB_2017,1,p8712_mo6
train,134,MSM6J2ML,HMP_2019_ibdmdb,1,MSM6J2ML
train,135,HMP2_J43807_M_ST_T0_B0_0120_ZLZNCLZ-1032_C93B2ANXX,HMP_2019_t2d,1,HMP2_J43807_M_ST_T0_B0_0120_ZLZNCLZ-1032_C93B2ANXX
train,136,HMP2_J35165_M_ST_T0_B0_0120_ZMBH10Z-04_HBB8WADXX,HMP_2019_t2d,1,HMP2_J35165_M_ST_T0_B0_0120_ZMBH10Z-04_HBB8WADXX
train,137,SKST025_4_G102939,HallAB_2017,1,SKST025_4_G102939
train,138,MG100138,HanniganGD_2017,1,MG100138
train,139,HSM7J4NO,HMP_2019_ibdmdb,1,HSM7J4NO
train,140,HSM7CYXI,HMP_2019_ibdmdb,1,HSM7CYXI
train,141,p8808_mo7,HallAB_2017,1,p8808_mo7
train,142,HSM7J4R2,HMP_2019_ibdmdb,1,HSM7J4R2
train,143,HSM7CYX4,HMP_2019_ibdmdb,1,HSM7CYX4
train,144,HSM7J4PE,HMP_2019_ibdmdb,1,HSM7J4PE
train,145,p9220_mo6,HallAB_2017,1,p9220_mo6
train,146,MSM7J16P,HMP_2019_ibdmdb,1,MSM7J16P
train,147,SKST025_2_G102986,HallAB_2017,1,SKST025_2_G102986
train,148,MSM79HBB,HMP_2019_ibdmdb,1,MSM79HBB
train,149,HMP2_J05403_M_ST_T0_B0_0120_ZN9YTFN-03_HBB8WADXX,HMP_2019_t2d,1,HMP2_J05403_M_ST_T0_B0_0120_ZN9YTFN-03_HBB8WADXX
train,150,p9216_mo5,HallAB_2017,1,p9216_mo5
train,151,PSM7J1AU,HMP_2019_ibdmdb,1,PSM7J1AU
train,152,PSMA263U,HMP_2019_ibdmdb,1,PSMA263U
train,153,MSM79H6Y,HMP_2019_ibdmdb,1,MSM79H6Y
train,154,PSM6XBRK_TR,HMP_2019_ibdmdb,1,PSM6XBRK_TR
train,155,MSM6J2OL,HMP_2019_ibdmdb,1,MSM6J2OL
train,156,MSM6J2LH,HMP_2019_ibdmdb,1,MSM6J2LH
train,157,MSM79H7Y,HMP_2019_ibdmdb,1,MSM79H7Y
train,158,HMP2_J15242_M_ST_T0_B0_0120_ZYXQKWY-03_BHLVVGADXX,HMP_2019_t2d,2,HMP2_J15242_M_ST_T0_B0_0120_ZYXQKWY-03_BHLVVGADXX;HMP2_J15242_M_ST_T0_B0_0120_ZYXQKWY-03_GES15-03638
train,159,HMP2_J00880_M_ST_T0_B0_0120_ZMBH10Z-02_C8GAAANXX,HMP_2019_t2d,1,HMP2_J00880_M_ST_T0_B0_0120_ZMBH10Z-02_C8GAAANXX
train,160,HSMA33RR,HMP_2019_ibdmdb,1,HSMA33RR
train,161,MSMB4LZR,HMP_2019_ibdmdb,1,MSMB4LZR
train,162,MSMAPC55,HMP_2019_ibdmdb,1,MSMAPC55
train,163,p8748_mo12,HallAB_2017,1,p8748_mo12
train,164,MSM9VZH7,HMP_2019_ibdmdb,1,MSM9VZH7
train,165,MSM9VZOM,HMP_2019_ibdmdb,1,MSM9VZOM
train,166,PSMA2651_P,HMP_2019_ibdmdb,1,PSMA2651_P
train,167,MSM9VZO2,HMP_2019_ibdmdb,1,MSM9VZO2
train,168,HSM7J4MY,HMP_2019_ibdmdb,1,HSM7J4MY
train,169,MSM5LLFM_P,HMP_2019_ibdmdb,1,MSM5LLFM_P
train,170,p8649_mo6,HallAB_2017,1,p8649_mo6
train,171,PSM7J15G,HMP_2019_ibdmdb,1,PSM7J15G
train,172,PSMA265H,HMP_2019_ibdmdb,1,PSMA265H
train,173,MSMA26BN,HMP_2019_ibdmdb,1,MSMA26BN
train,174,p8582_mo12,HallAB_2017,1,p8582_mo12
train,175,SKST012_6_G102997,HallAB_2017,1,SKST012_6_G102997
train,176,HMP2_J00863_M_ST_T0_B0_0120_ZKVR426-1014_HA986ADXX,HMP_2019_t2d,1,HMP2_J00863_M_ST_T0_B0_0120_ZKVR426-1014_HA986ADXX
train,177,PSM7J15M,HMP_2019_ibdmdb,1,PSM7J15M
train,178,HMP2_J08151_M_ST_T0_B0_0120_ZOZOW1T-6011.1_HCG2MBGXX_S4,HMP_2019_t2d,1,HMP2_J08151_M_ST_T0_B0_0120_ZOZOW1T-6011.1_HCG2MBGXX_S4
train,179,HMP2_J08168_M_ST_T0_B0_0120_ZVNCGHM-6012_HCG2MBGXX_S21,HMP_2019_t2d,1,HMP2_J08168_M_ST_T0_B0_0120_ZVNCGHM-6012_HCG2MBGXX_S21
train,180,PSM6XBT1,HMP_2019_ibdmdb,1,PSM6XBT1
train,181,MSM5LLGJ_P,HMP_2019_ibdmdb,1,MSM5LLGJ_P
train,182,PSM6XBQY_TR,HMP_2019_ibdmdb,1,PSM6XBQY_TR
train,183,PSMA264U,HMP_2019_ibdmdb,1,PSMA264U
train,184,MSM6J2Q7,HMP_2019_ibdmdb,1,MSM6J2Q7
train,185,PSM7J143_P,HMP_2019_ibdmdb,1,PSM7J143_P
train,186,HSM7J4NY,HMP_2019_ibdmdb,1,HSM7J4NY
train,187,HSM7J4KG,HMP_2019_ibdmdb,1,HSM7J4KG
train,188,MSM9VZHJ,HMP_2019_ibdmdb,1,MSM9VZHJ
train,189,MSM6J2IO,HMP_2019_ibdmdb,1,MSM6J2IO
train,190,HSM7J4QF,HMP_2019_ibdmdb,1,HSM7J4QF
train,191,PSM6XBTH_P,HMP_2019_ibdmdb,1,PSM6XBTH_P
train,192,HSMA33LB,HMP_2019_ibdmdb,1,HSMA33LB
train,193,HSM7J4NC,HMP_2019_ibdmdb,1,HSM7J4NC
train,194,MSM79HBP,HMP_2019_ibdmdb,1,MSM79HBP
train,195,HSMA33MK,HMP_2019_ibdmdb,1,HSMA33MK
train,196,MSM6J2IE,HMP_2019_ibdmdb,1,MSM6J2IE
train,197,MSM9VZP1,HMP_2019_ibdmdb,1,MSM9VZP1
train,198,HSM7J4ON,HMP_2019_ibdmdb,1,HSM7J4ON
train,199,MSM79H6N,HMP_2019_ibdmdb,1,MSM79H6N
train,200,MSM6J2M3_P,HMP_2019_ibdmdb,1,MSM6J2M3_P
train,201,HSM6XRRJ,HMP_2019_ibdmdb,1,HSM6XRRJ
train,202,HSM7CYXQ,HMP_2019_ibdmdb,1,HSM7CYXQ
train,203,HSM7J4PQ,HMP_2019_ibdmdb,1,HSM7J4PQ
train,204,HSM7J4IC,HMP_2019_ibdmdb,1,HSM7J4IC
train,205,HSMA33SK,HMP_2019_ibdmdb,1,HSMA33SK
train,206,HMP2_J00886_M_ST_T0_B0_0120_ZKFV71L-02_C8GAAANXX,HMP_2019_t2d,1,HMP2_J00886_M_ST_T0_B0_0120_ZKFV71L-02_C8GAAANXX
train,207,HMP2_J43838_M_ST_T0_B0_0120_ZVBQY1N-6014_C93B2ANXX,HMP_2019_t2d,1,HMP2_J43838_M_ST_T0_B0_0120_ZVBQY1N-6014_C93B2ANXX
train,208,p8582_mo9,HallAB_2017,1,p8582_mo9
train,209,HSMA33QM,HMP_2019_ibdmdb,1,HSMA33QM
train,210,MSM6J2J5,HMP_2019_ibdmdb,1,MSM6J2J5
train,211,MSM5LLHC,HMP_2019_ibdmdb,1,MSM5LLHC
train,212,MSMAPC66,HMP_2019_ibdmdb,1,MSMAPC66
train,213,HMP2_J09117_M_ST_T0_B0_0120_ZL9BTWF-09_C93B2ANXX,HMP_2019_t2d,1,HMP2_J09117_M_ST_T0_B0_0120_ZL9BTWF-09_C93B2ANXX
train,214,MSMAPC57,HMP_2019_ibdmdb,1,MSMAPC57
train,215,PSM6XBUI,HMP_2019_ibdmdb,1,PSM6XBUI
train,216,SKST011_2_G102972,HallAB_2017,1,SKST011_2_G102972
train,217,HMP2_J00859_M_ST_T0_B0_0120_ZKVR426-04_AC9387ANXX,HMP_2019_t2d,1,HMP2_J00859_M_ST_T0_B0_0120_ZKVR426-04_AC9387ANXX
train,218,MSM79H6B,HMP_2019_ibdmdb,1,MSM79H6B
train,219,p9216_mo6,HallAB_2017,1,p9216_mo6
train,220,PSMA266O,HMP_2019_ibdmdb,1,PSMA266O
train,221,MSM79H8B,HMP_2019_ibdmdb,1,MSM79H8B
train,222,HSM6XRVA,HMP_2019_ibdmdb,1,HSM6XRVA
train,223,p8816_mo9,HallAB_2017,1,p8816_mo9
train,224,PSM6XBSM,HMP_2019_ibdmdb,1,PSM6XBSM
train,225,MSMB4LZP,HMP_2019_ibdmdb,1,MSMB4LZP
train,226,HMP2_J00828_M_ST_T0_B0_0120_ZN9YTFN-1013_C8GAAANXX,HMP_2019_t2d,1,HMP2_J00828_M_ST_T0_B0_0120_ZN9YTFN-1013_C8GAAANXX
train,227,MSM6J2RU,HMP_2019_ibdmdb,1,MSM6J2RU
train,228,p8646_mo8,HallAB_2017,1,p8646_mo8
train,229,MSM6J2IG,HMP_2019_ibdmdb,1,MSM6J2IG
train,230,p9216_mo7,HallAB_2017,1,p9216_mo7
train,231,PSM7J19H,HMP_2019_ibdmdb,1,PSM7J19H
train,232,MSM5LLFG_P,HMP_2019_ibdmdb,1,MSM5LLFG_P
train,233,HMP2_J16512_M_ST_T0_B0_0120_ZOZOW1T-68_HLH73BGXX_S7,HMP_2019_t2d,1,HMP2_J16512_M_ST_T0_B0_0120_ZOZOW1T-68_HLH73BGXX_S7
train,234,HSMA33SG,HMP_2019_ibdmdb,1,HSMA33SG
train,235,HSM7J4G1,HMP_2019_ibdmdb,1,HSM7J4G1
train,236,PSM6XBTB,HMP_2019_ibdmdb,1,PSM6XBTB
train,237,HSM67VHW,HMP_2019_ibdmdb,1,HSM67VHW
train,238,HMP2_J09131_M_ST_T0_B0_0120_ZMGT937-05_C93B2ANXX,HMP_2019_t2d,1,HMP2_J09131_M_ST_T0_B0_0120_ZMGT937-05_C93B2ANXX
train,239,HSM67VI1,HMP_2019_ibdmdb,1,HSM67VI1
train,240,HMP2_J08166_M_ST_T0_B0_0120_ZOZOW1T-6016.3_HCG2MBGXX_S19,HMP_2019_t2d,1,HMP2_J08166_M_ST_T0_B0_0120_ZOZOW1T-6016.3_HCG2MBGXX_S19
train,241,MSM9VZL5,HMP_2019_ibdmdb,1,MSM9VZL5
train,242,SKST036_2_G103020,HallAB_2017,1,SKST036_2_G103020
train,243,HMP2_J15237_M_ST_T0_B0_0120_ZW61YGW-01_BHLVVGADXX,HMP_2019_t2d,2,HMP2_J15237_M_ST_T0_B0_0120_ZW61YGW-01_BHLVVGADXX;HMP2_J15237_M_ST_T0_B0_0120_ZW61YGW-01_GES15-03633
train,244,HMP2_J09130_M_ST_T0_B0_0120_ZMGT937-04_C93B2ANXX,HMP_2019_t2d,1,HMP2_J09130_M_ST_T0_B0_0120_ZMGT937-04_C93B2ANXX
train,245,MSM9VZPH,HMP_2019_ibdmdb,1,MSM9VZPH
train,246,MSM5LLHV_P,HMP_2019_ibdmdb,1,MSM5LLHV_P
train,247,PSM7J127,HMP_2019_ibdmdb,1,PSM7J127
train,248,MSM79HES,HMP_2019_ibdmdb,1,MSM79HES
train,249,HSM7CZ2V_P,HMP_2019_ibdmdb,1,HSM7CZ2V_P
train,250,MSM6J2JR,HMP_2019_ibdmdb,1,MSM6J2JR
train,251,PSM6XBTF_P,HMP_2019_ibdmdb,1,PSM6XBTF_P
train,252,p9061_mo3,HallAB_2017,1,p9061_mo3
train,253,MSMB4LZV,HMP_2019_ibdmdb,1,MSMB4LZV
train,254,MSM79HCK,HMP_2019_ibdmdb,1,MSM79HCK
train,255,HSM7J4HA,HMP_2019_ibdmdb,1,HSM7J4HA
train,256,HSMA33J5,HMP_2019_ibdmdb,1,HSMA33J5
train,257,MSM6J2SI,HMP_2019_ibdmdb,1,MSM6J2SI
train,258,HSM7J4J9,HMP_2019_ibdmdb,1,HSM7J4J9
train,259,HSM7J4PA,HMP_2019_ibdmdb,1,HSM7J4PA
train,260,HMP2_J16515_M_ST_T0_B0_0120_ZOZOW1T-80_HLH73BGXX_S10,HMP_2019_t2d,1,HMP2_J16515_M_ST_T0_B0_0120_ZOZOW1T-80_HLH73BGXX_S10
train,261,HSM7J4M4,HMP_2019_ibdmdb,1,HSM7J4M4
train,262,HSMA33OV,HMP_2019_ibdmdb,1,HSMA33OV
train,263,MSM9VZI6,HMP_2019_ibdmdb,1,MSM9VZI6
train,264,HMP2_J15237_M_ST_T0_B0_0120_ZW61YGW-01_GES15-03633,HMP_2019_t2d,2,HMP2_J15237_M_ST_T0_B0_0120_ZW61YGW-01_BHLVVGADXX;HMP2_J15237_M_ST_T0_B0_0120_ZW61YGW-01_GES15-03633
train,265,p8775_mo4,HallAB_2017,1,p8775_mo4
train,266,MSM79H5M,HMP_2019_ibdmdb,1,MSM79H5M
train,267,SKST014_1_G102976,HallAB_2017,1,SKST014_1_G102976
train,268,HMP2_J43827_M_ST_T0_B0_0120_ZVBQY1N-01_C93B2ANXX,HMP_2019_t2d,1,HMP2_J43827_M_ST_T0_B0_0120_ZVBQY1N-01_C93B2ANXX
train,269,HMP2_J09149_M_ST_T0_B0_0120_ZLZNCLZ-1021_C93B2ANXX,HMP_2019_t2d,1,HMP2_J09149_M_ST_T0_B0_0120_ZLZNCLZ-1021_C93B2ANXX
train,270,HSMA33R9,HMP_2019_ibdmdb,1,HSMA33R9
train,271,p8883_mo3,HallAB_2017,1,p8883_mo3
train,272,p8712_mo10,HallAB_2017,1,p8712_mo10
train,273,HSM67VIF,HMP_2019_ibdmdb,1,HSM67VIF
train,274,p8855_mo12,HallAB_2017,1,p8855_mo12
train,275,MSM6J2MB,HMP_2019_ibdmdb,1,MSM6J2MB
train,276,MG100129,HanniganGD_2017,1,MG100129
train,277,HMP2_J00860_M_ST_T0_B0_0120_ZKVR426-06_HA986ADXX,HMP_2019_t2d,1,HMP2_J00860_M_ST_T0_B0_0120_ZKVR426-06_HA986ADXX
train,278,p8816_mo1,HallAB_2017,1,p8816_mo1
train,279,PSM7J1BD,HMP_2019_ibdmdb,1,PSM7J1BD
train,280,HMP2_J00878_M_ST_T0_B0_0120_ZMBVNFM-04_HA986ADXX,HMP_2019_t2d,1,HMP2_J00878_M_ST_T0_B0_0120_ZMBVNFM-04_HA986ADXX
train,281,HSM7J4NM,HMP_2019_ibdmdb,1,HSM7J4NM
train,282,HSM7J4PW,HMP_2019_ibdmdb,1,HSM7J4PW
train,283,PSM7J18E,HMP_2019_ibdmdb,1,PSM7J18E
train,284,MSM5LLF6,HMP_2019_ibdmdb,1,MSM5LLF6
train,285,HMP2_J00842_M_ST_T0_B0_0120_ZLYEM2C-01_HA986ADXX,HMP_2019_t2d,1,HMP2_J00842_M_ST_T0_B0_0120_ZLYEM2C-01_HA986ADXX
train,286,MSMAPC5H,HMP_2019_ibdmdb,1,MSMAPC5H
train,287,MSM5LLDS,HMP_2019_ibdmdb,1,MSM5LLDS
train,288,MSM9VZFL,HMP_2019_ibdmdb,1,MSM9VZFL
train,289,MSM6J2QJ,HMP_2019_ibdmdb,1,MSM6J2QJ
train,290,HSM7J4K4,HMP_2019_ibdmdb,1,HSM7J4K4
train,291,MSM79HDI,HMP_2019_ibdmdb,1,MSM79HDI
train,292,HSMA33O3,HMP_2019_ibdmdb,1,HSMA33O3
train,293,MSM6J2QP,HMP_2019_ibdmdb,1,MSM6J2QP
train,294,HMP2_J16517_M_ST_T0_B0_0120_ZOZOW1T-84_HLH73BGXX_S12,HMP_2019_t2d,1,HMP2_J16517_M_ST_T0_B0_0120_ZOZOW1T-84_HLH73BGXX_S12
train,295,p8582_mo1,HallAB_2017,1,p8582_mo1
train,296,p8712_mo11,HallAB_2017,1,p8712_mo11
train,297,HMP2_J05404_M_ST_T0_B0_0120_ZN9YTFN-03_C8GAAANXX,HMP_2019_t2d,1,HMP2_J05404_M_ST_T0_B0_0120_ZN9YTFN-03_C8GAAANXX
train,298,MSMA26DO,HMP_2019_ibdmdb,1,MSMA26DO
train,299,PSMB4MC7,HMP_2019_ibdmdb,1,PSMB4MC7
train,300,MSM9VZP3,HMP_2019_ibdmdb,1,MSM9VZP3
train,301,MG100157,HanniganGD_2017,1,MG100157
train,302,MSM6J2RA,HMP_2019_ibdmdb,1,MSM6J2RA
train,303,MSM9VZME,HMP_2019_ibdmdb,1,MSM9VZME
train,304,HSMA33RX,HMP_2019_ibdmdb,1,HSMA33RX
train,305,PSM7J14X,HMP_2019_ibdmdb,1,PSM7J14X
train,306,MSMA26ER,HMP_2019_ibdmdb,1,MSMA26ER
train,307,MSM9VZN4_P,HMP_2019_ibdmdb,1,MSM9VZN4_P
train,308,HMP2_J45659_M_ST_T0_B0_0120_ZMGT937-07_C93B2ANXX,HMP_2019_t2d,1,HMP2_J45659_M_ST_T0_B0_0120_ZMGT937-07_C93B2ANXX
train,309,HSM6XRUR,HMP_2019_ibdmdb,1,HSM6XRUR
train,310,HSM67VI7,HMP_2019_ibdmdb,1,HSM67VI7
train,311,MG100162,HanniganGD_2017,1,MG100162
train,312,PSM7J13I,HMP_2019_ibdmdb,1,PSM7J13I
train,313,SKST024_3_G102944,HallAB_2017,1,SKST024_3_G102944
train,314,MG100141,HanniganGD_2017,1,MG100141
train,315,PSMA266I,HMP_2019_ibdmdb,1,PSMA266I
train,316,HMP2_J00852_M_ST_T0_B0_0120_ZL9BTWF-05_HA986ADXX,HMP_2019_t2d,1,HMP2_J00852_M_ST_T0_B0_0120_ZL9BTWF-05_HA986ADXX
train,317,HMP2_J00859_M_ST_T0_B0_0120_ZKVR426-04_HA986ADXX,HMP_2019_t2d,1,HMP2_J00859_M_ST_T0_B0_0120_ZKVR426-04_HA986ADXX
train,318,HSMA33RF,HMP_2019_ibdmdb,1,HSMA33RF
train,319,HMP2_J09111_M_ST_T0_B0_0120_ZKFV71L-05X_H7FHFBGXX_S43,HMP_2019_t2d,1,HMP2_J09111_M_ST_T0_B0_0120_ZKFV71L-05X_H7FHFBGXX_S43
train,320,MSM6J2OP,HMP_2019_ibdmdb,1,MSM6J2OP
train,321,SKST036_1_G103013,HallAB_2017,1,SKST036_1_G103013
train,322,MSMA26DK,HMP_2019_ibdmdb,1,MSMA26DK
train,323,MSM79HDQ,HMP_2019_ibdmdb,1,MSM79HDQ
train,324,HSMA33IK,HMP_2019_ibdmdb,1,HSMA33IK
train,325,MSM79HEW,HMP_2019_ibdmdb,1,MSM79HEW
train,326,MSM9VZPT,HMP_2019_ibdmdb,1,MSM9VZPT
train,327,MSMA26BL,HMP_2019_ibdmdb,1,MSMA26BL
train,328,HMP2_J05379_M_ST_T0_B0_0120_ZOZOW1T-44_HB5LAADX,HMP_2019_t2d,1,HMP2_J05379_M_ST_T0_B0_0120_ZOZOW1T-44_HB5LAADX
train,329,HSM6XRVO,HMP_2019_ibdmdb,1,HSM6XRVO
train,330,HSMA33IO,HMP_2019_ibdmdb,1,HSMA33IO
train,331,HMP2_J15242_M_ST_T0_B0_0120_ZYXQKWY-03_GES15-03638,HMP_2019_t2d,2,HMP2_J15242_M_ST_T0_B0_0120_ZYXQKWY-03_BHLVVGADXX;HMP2_J15242_M_ST_T0_B0_0120_ZYXQKWY-03_GES15-03638
train,332,HSM67VHD,HMP_2019_ibdmdb,1,HSM67VHD
train,333,p9216_mo4,HallAB_2017,1,p9216_mo4
train,334,HMP2_J15246_M_ST_T0_B0_0120_ZVGW5FI-02_BHLVVGADXX,HMP_2019_t2d,2,HMP2_J15246_M_ST_T0_B0_0120_ZVGW5FI-02_BHLVVGADXX;HMP2_J15246_M_ST_T0_B0_0120_ZVGW5FI-02_GES15-03641
train,335,p8775_mo8,HallAB_2017,1,p8775_mo8
train,336,MSM5LLHO_P,HMP_2019_ibdmdb,1,MSM5LLHO_P
train,337,HMP2_J09153_M_ST_T0_B0_0120_ZYHHR4Z-02_C93B2ANXX_J43965,HMP_2019_t2d,1,HMP2_J09153_M_ST_T0_B0_0120_ZYHHR4Z-02_C93B2ANXX_J43965
train,338,PSM7J16U,HMP_2019_ibdmdb,1,PSM7J16U
train,339,MSM79H5E,HMP_2019_ibdmdb,1,MSM79H5E
train,340,PSMB4MBS,HMP_2019_ibdmdb,1,PSMB4MBS
train,341,p8816_mo4,HallAB_2017,1,p8816_mo4
train,342,MSM9VZF7,HMP_2019_ibdmdb,1,MSM9VZF7
train,343,HSM7CZ24,HMP_2019_ibdmdb,1,HSM7CZ24
train,344,HMP2_J00859_M_ST_T0_B0_0120_ZKVR426-04_C8GAAANXX,HMP_2019_t2d,1,HMP2_J00859_M_ST_T0_B0_0120_ZKVR426-04_C8GAAANXX
train,345,HSM67VHJ,HMP_2019_ibdmdb,1,HSM67VHJ
train,346,SKST007_4_G102948,HallAB_2017,1,SKST007_4_G102948
train,347,PSMA269S,HMP_2019_ibdmdb,1,PSMA269S
train,348,HMP2_J15241_M_ST_T0_B0_0120_ZYXQKWY-02_BHLVVGADXX,HMP_2019_t2d,2,HMP2_J15241_M_ST_T0_B0_0120_ZYXQKWY-02_BHLVVGADXX;HMP2_J15241_M_ST_T0_B0_0120_ZYXQKWY-02_GES15-03637
train,349,PSMA265T,HMP_2019_ibdmdb,1,PSMA265T
train,350,HMP2_J00862_M_ST_T0_B0_0120_ZKVR426-1013_C8GAAANXX,HMP_2019_t2d,1,HMP2_J00862_M_ST_T0_B0_0120_ZKVR426-1013_C8GAAANXX
train,351,MSM6J2PQ_P,HMP_2019_ibdmdb,1,MSM6J2PQ_P
train,352,HSM7J4GD,HMP_2019_ibdmdb,1,HSM7J4GD
train,353,HSM67VI3,HMP_2019_ibdmdb,1,HSM67VI3
train,354,HMP2_J00887_M_ST_T0_B0_0120_ZKFV71L-04_HA986ADXX,HMP_2019_t2d,1,HMP2_J00887_M_ST_T0_B0_0120_ZKFV71L-04_HA986ADXX
train,355,MSM5LLD6_P,HMP_2019_ibdmdb,1,MSM5LLD6_P
train,356,MSM9VZHT,HMP_2019_ibdmdb,1,MSM9VZHT
train,357,MSM79HFY,HMP_2019_ibdmdb,1,MSM79HFY
train,358,PSM7J19F,HMP_2019_ibdmdb,1,PSM7J19F
train,359,MSMA26DM,HMP_2019_ibdmdb,1,MSMA26DM
train,360,SKST025_5_G103006,HallAB_2017,1,SKST025_5_G103006
train,361,HSM6XRTO,HMP_2019_ibdmdb,1,HSM6XRTO
train,362,PSM7J15O,HMP_2019_ibdmdb,1,PSM7J15O
train,363,HSM7J4PO,HMP_2019_ibdmdb,1,HSM7J4PO
train,364,HSM7CYXO,HMP_2019_ibdmdb,1,HSM7CYXO
train,365,MSM9VZMU,HMP_2019_ibdmdb,1,MSM9VZMU
train,366,MG100165,HanniganGD_2017,1,MG100165
train,367,HSM6XRV4,HMP_2019_ibdmdb,1,HSM6XRV4
train,368,p8600_mo2,HallAB_2017,1,p8600_mo2
train,369,HSM7J4L9,HMP_2019_ibdmdb,1,HSM7J4L9
train,370,HMP2_J09110_M_ST_T0_B0_0120_ZKVR426-07-AL1_H7FHFBGXX_S42,HMP_2019_t2d,1,HMP2_J09110_M_ST_T0_B0_0120_ZKVR426-07-AL1_H7FHFBGXX_S42
train,371,HSM7J4HY,HMP_2019_ibdmdb,1,HSM7J4HY
train,372,SKST023_4_G102937,HallAB_2017,1,SKST023_4_G102937
train,373,HMP2_J00837_M_ST_T0_B0_0120_ZLZQMEV-1012_C93B2ANXX,HMP_2019_t2d,1,HMP2_J00837_M_ST_T0_B0_0120_ZLZQMEV-1012_C93B2ANXX
train,374,MSM6J2HN,HMP_2019_ibdmdb,1,MSM6J2HN
train,375,HSM7J4GP,HMP_2019_ibdmdb,1,HSM7J4GP
train,376,HSM7J4JV_P,HMP_2019_ibdmdb,1,HSM7J4JV_P
train,377,MSM79HB6,HMP_2019_ibdmdb,1,MSM79HB6
train,378,PSM6XBTX,HMP_2019_ibdmdb,1,PSM6XBTX
train,379,MSM6J2QF,HMP_2019_ibdmdb,1,MSM6J2QF
train,380,HMP2_J16509_M_ST_T0_B0_0120_ZOZOW1T-64_C93B2ANXX,HMP_2019_t2d,1,HMP2_J16509_M_ST_T0_B0_0120_ZOZOW1T-64_C93B2ANXX
train,381,MSM9VZGU,HMP_2019_ibdmdb,1,MSM9VZGU
train,382,HMP2_J00853_M_ST_T0_B0_0120_ZL9BTWF-06_C8GAAANXX,HMP_2019_t2d,1,HMP2_J00853_M_ST_T0_B0_0120_ZL9BTWF-06_C8GAAANXX
train,383,HMP2_J00827_M_ST_T0_B0_0120_ZN9YTFN-1012_HA986ADXX,HMP_2019_t2d,1,HMP2_J00827_M_ST_T0_B0_0120_ZN9YTFN-1012_HA986ADXX
train,384,MSM5LLI6_P,HMP_2019_ibdmdb,1,MSM5LLI6_P
train,385,p9216_mo1,HallAB_2017,1,p9216_mo1
train,386,MSMA26EZ,HMP_2019_ibdmdb,1,MSMA26EZ
train,387,HSM7J4IR,HMP_2019_ibdmdb,1,HSM7J4IR
train,388,HSM6XRTE_P,HMP_2019_ibdmdb,1,HSM6XRTE_P
train,389,HMP2_J15240_M_ST_T0_B0_0120_ZYXQKWY-01_BHLVVGADXX,HMP_2019_t2d,2,HMP2_J15240_M_ST_T0_B0_0120_ZYXQKWY-01_BHLVVGADXX;HMP2_J15240_M_ST_T0_B0_0120_ZYXQKWY-01_GES15-03636
train,390,HMP2_J05381_M_ST_T0_B0_0120_ZOZOW1T-48b_HB5LAADX,HMP_2019_t2d,1,HMP2_J05381_M_ST_T0_B0_0120_ZOZOW1T-48b_HB5LAADX
train,391,MSMA26AN,HMP_2019_ibdmdb,1,MSMA26AN
train,392,HSM6XRRB,HMP_2019_ibdmdb,1,HSM6XRRB
train,393,HSM7J4PY,HMP_2019_ibdmdb,1,HSM7J4PY
train,394,HMP2_J00857_M_ST_T0_B0_0120_ZKVR426-02_C8GAAANXX,HMP_2019_t2d,1,HMP2_J00857_M_ST_T0_B0_0120_ZKVR426-02_C8GAAANXX
train,395,MSM5LLGH_P,HMP_2019_ibdmdb,1,MSM5LLGH_P
train,396,HSM7J4J7,HMP_2019_ibdmdb,1,HSM7J4J7
train,397,MSM79H5Y,HMP_2019_ibdmdb,1,MSM79H5Y
train,398,PSM6XBSG_P,HMP_2019_ibdmdb,1,PSM6XBSG_P
train,399,PSMB4MC5,HMP_2019_ibdmdb,1,PSMB4MC5
train,400,HMP2_J00888_M_ST_T0_B0_0120_ZK4CK8Y-02_HA986ADXX,HMP_2019_t2d,1,HMP2_J00888_M_ST_T0_B0_0120_ZK4CK8Y-02_HA986ADXX
train,401,HSMA33NO,HMP_2019_ibdmdb,1,HSMA33NO
train,402,HMP2_J00839_M_ST_T0_B0_0120_ZLZQMEV-1015_HA986ADXX,HMP_2019_t2d,1,HMP2_J00839_M_ST_T0_B0_0120_ZLZQMEV-1015_HA986ADXX
train,403,MSM6J2SK,HMP_2019_ibdmdb,1,MSM6J2SK
train,404,PSM7J12D,HMP_2019_ibdmdb,1,PSM7J12D
train,405,MSM6J2SE,HMP_2019_ibdmdb,1,MSM6J2SE
train,406,HMP2_J05437_M_ST_T0_B0_0120_ZL9BTWF-07_HB5LAADX,HMP_2019_t2d,1,HMP2_J05437_M_ST_T0_B0_0120_ZL9BTWF-07_HB5LAADX
train,407,HMP2_J00829_M_ST_T0_B0_0120_ZN9YTFN-1014_C8GAAANXX,HMP_2019_t2d,1,HMP2_J00829_M_ST_T0_B0_0120_ZN9YTFN-1014_C8GAAANXX
train,408,HMP2_J09113_M_ST_T0_B0_0120_ZK4CK8Y-06_C8GAAANXX,HMP_2019_t2d,1,HMP2_J09113_M_ST_T0_B0_0120_ZK4CK8Y-06_C8GAAANXX
train,409,HMP2_J16521_M_ST_T0_B0_0120_ZOZOW1T-1012_HLH73BGXX_S16,HMP_2019_t2d,1,HMP2_J16521_M_ST_T0_B0_0120_ZOZOW1T-1012_HLH73BGXX_S16
train,410,HSM7CYYV_P,HMP_2019_ibdmdb,1,HSM7CYYV_P
train,411,HMP2_J15244_M_ST_T0_B0_0120_ZVM4N7A-02_BHLVVGADXX,HMP_2019_t2d,2,HMP2_J15244_M_ST_T0_B0_0120_ZVM4N7A-02_BHLVVGADXX;HMP2_J15244_M_ST_T0_B0_0120_ZVM4N7A-02_GES15-03639
train,412,MSM9VZEO,HMP_2019_ibdmdb,1,MSM9VZEO
train,413,p9223_mo7,HallAB_2017,1,p9223_mo7
train,414,HMP2_J00825_M_ST_T0_B0_0120_ZN9YTFN-01_AC9387ANXX,HMP_2019_t2d,1,HMP2_J00825_M_ST_T0_B0_0120_ZN9YTFN-01_AC9387ANXX
train,415,MSM79HDK,HMP_2019_ibdmdb,1,MSM79HDK
train,416,HSMA33OZ,HMP_2019_ibdmdb,1,HSMA33OZ
train,417,HMP2_J08161_M_ST_T0_B0_0120_ZOZOW1T-6015.2A_HCG2MBGXX_S14,HMP_2019_t2d,1,HMP2_J08161_M_ST_T0_B0_0120_ZOZOW1T-6015.2A_HCG2MBGXX_S14
train,418,HMP2_J08157_M_ST_T0_B0_0120_ZOZOW1T-6013A_HCG2MBGXX_S10,HMP_2019_t2d,1,HMP2_J08157_M_ST_T0_B0_0120_ZOZOW1T-6013A_HCG2MBGXX_S10
train,419,MSMA26AR,HMP_2019_ibdmdb,1,MSMA26AR
train,420,PSM7J1BN_P,HMP_2019_ibdmdb,1,PSM7J1BN_P
train,421,MSM6J2MH,HMP_2019_ibdmdb,1,MSM6J2MH
train,422,MSM9VZF1,HMP_2019_ibdmdb,1,MSM9VZF1
train,423,MG100130,HanniganGD_2017,1,MG100130
train,424,HMP2_J05389_M_ST_T0_B0_0120_ZOZOW1T-54_HB5LAADX,HMP_2019_t2d,1,HMP2_J05389_M_ST_T0_B0_0120_ZOZOW1T-54_HB5LAADX
train,425,HMP2_J16526_M_ST_T0_B0_0120_ZOZOW1T-6023b_HLH73BGXX_S21,HMP_2019_t2d,1,HMP2_J16526_M_ST_T0_B0_0120_ZOZOW1T-6023b_HLH73BGXX_S21
train,426,PSM7J136,HMP_2019_ibdmdb,1,PSM7J136
train,427,HMP2_J00882_M_ST_T0_B0_0120_ZM7JY3G-01_HA986ADXX,HMP_2019_t2d,1,HMP2_J00882_M_ST_T0_B0_0120_ZM7JY3G-01_HA986ADXX
train,428,MSMB4LXS,HMP_2019_ibdmdb,1,MSMB4LXS
train,429,MSM79HFW,HMP_2019_ibdmdb,1,MSM79HFW
train,430,MSM9VZKC,HMP_2019_ibdmdb,1,MSM9VZKC
train,431,HMP2_J16522_M_ST_T0_B0_0120_ZOZOW1T-1015_HLH73BGXX_S17,HMP_2019_t2d,1,HMP2_J16522_M_ST_T0_B0_0120_ZOZOW1T-1015_HLH73BGXX_S17
train,432,MSM79H6H,HMP_2019_ibdmdb,1,MSM79H6H
train,433,MSM6J2HH,HMP_2019_ibdmdb,1,MSM6J2HH
train,434,HSMA33MA,HMP_2019_ibdmdb,1,HSMA33MA
train,435,HMP2_J43830_M_ST_T0_B0_0120_ZVBQY1N-1021_C93B2ANXX,HMP_2019_t2d,1,HMP2_J43830_M_ST_T0_B0_0120_ZVBQY1N-1021_C93B2ANXX
train,436,MSM79H5Q,HMP_2019_ibdmdb,1,MSM79H5Q
train,437,HSMA33MC,HMP_2019_ibdmdb,1,HSMA33MC
train,438,MSM6J2OH,HMP_2019_ibdmdb,1,MSM6J2OH
train,439,PSM6XBVY_P,HMP_2019_ibdmdb,1,PSM6XBVY_P
train,440,MSM79HDG,HMP_2019_ibdmdb,1,MSM79HDG
train,441,HMP2_J15238_M_ST_T0_B0_0120_ZW61YGW-02_GES15-03634,HMP_2019_t2d,2,HMP2_J15238_M_ST_T0_B0_0120_ZW61YGW-02_BHLVVGADXX;HMP2_J15238_M_ST_T0_B0_0120_ZW61YGW-02_GES15-03634
train,442,p8816_mo8,HallAB_2017,1,p8816_mo8
train,443,PSM6XBT9,HMP_2019_ibdmdb,1,PSM6XBT9
train,444,HMP2_J05422_M_ST_T0_B0_0120_ZLZNCLZ-1012_C8GAAANXX,HMP_2019_t2d,1,HMP2_J05422_M_ST_T0_B0_0120_ZLZNCLZ-1012_C8GAAANXX
train,445,HMP2_J08160_M_ST_T0_B0_0120_ZOZOW1T-6015.1_HCG2MBGXX_S13,HMP_2019_t2d,1,HMP2_J08160_M_ST_T0_B0_0120_ZOZOW1T-6015.1_HCG2MBGXX_S13
train,446,MSMA26AV,HMP_2019_ibdmdb,1,MSMA26AV
train,447,SKST024_4_G102938,HallAB_2017,1,SKST024_4_G102938
train,448,MSMA26BV,HMP_2019_ibdmdb,1,MSMA26BV
train,449,p8600_mo10,HallAB_2017,1,p8600_mo10
train,450,SKST014_2_G102977,HallAB_2017,1,SKST014_2_G102977
train,451,HSM7CZ2E,HMP_2019_ibdmdb,1,HSM7CZ2E
train,452,HMP2_J16524_M_ST_T0_B0_0120_ZOZOW1T-6022_HLH73BGXX_S19,HMP_2019_t2d,1,HMP2_J16524_M_ST_T0_B0_0120_ZOZOW1T-6022_HLH73BGXX_S19
train,453,MSMA26ET,HMP_2019_ibdmdb,1,MSMA26ET
train,454,PSM6XBVO,HMP_2019_ibdmdb,1,PSM6XBVO
train,455,HSM67VID,HMP_2019_ibdmdb,1,HSM67VID
train,456,MG100152,HanniganGD_2017,1,MG100152
train,457,HMP2_J00872_M_ST_T0_B0_0120_ZN0JE53-01_HA986ADXX,HMP_2019_t2d,1,HMP2_J00872_M_ST_T0_B0_0120_ZN0JE53-01_HA986ADXX
train,458,p8883_mo10,HallAB_2017,1,p8883_mo10
train,459,HMP2_J00858_M_ST_T0_B0_0120_ZKVR426-03_C8GAAANXX,HMP_2019_t2d,1,HMP2_J00858_M_ST_T0_B0_0120_ZKVR426-03_C8GAAANXX
train,460,PSM7J19J,HMP_2019_ibdmdb,1,PSM7J19J
train,461,HSMA33NC,HMP_2019_ibdmdb,1,HSMA33NC
train,462,PSM7J182,HMP_2019_ibdmdb,1,PSM7J182
train,463,HMP2_J00873_M_ST_T0_B0_0120_ZN0JE53-02_C8GAAANXX,HMP_2019_t2d,1,HMP2_J00873_M_ST_T0_B0_0120_ZN0JE53-02_C8GAAANXX
train,464,HSM7CZ14,HMP_2019_ibdmdb,1,HSM7CZ14
train,465,MSMB4LZ8,HMP_2019_ibdmdb,1,MSMB4LZ8
train,466,HSM6XRQM,HMP_2019_ibdmdb,1,HSM6XRQM
train,467,MSMAPC6C,HMP_2019_ibdmdb,1,MSMAPC6C
train,468,HSM6XRVC,HMP_2019_ibdmdb,1,HSM6XRVC
train,469,HMP2_J09118_M_ST_T0_B0_0120_ZL9BTWF-1022_C93B2ANXX,HMP_2019_t2d,1,HMP2_J09118_M_ST_T0_B0_0120_ZL9BTWF-1022_C93B2ANXX
train,470,MSM6J2LV,HMP_2019_ibdmdb,1,MSM6J2LV
train,471,HMP2_J00850_M_ST_T0_B0_0120_ZL9BTWF-03_HA986ADXX,HMP_2019_t2d,1,HMP2_J00850_M_ST_T0_B0_0120_ZL9BTWF-03_HA986ADXX
train,472,p8775_mo9,HallAB_2017,1,p8775_mo9
train,473,HSM7CYZR,HMP_2019_ibdmdb,1,HSM7CYZR
train,474,MSM79HDS,HMP_2019_ibdmdb,1,MSM79HDS
train,475,p8646_mo9,HallAB_2017,1,p8646_mo9
train,476,HMP2_J09110_M_ST_T0_B0_0120_ZKVR426-07-AL1_C8GAAANXX,HMP_2019_t2d,1,HMP2_J09110_M_ST_T0_B0_0120_ZKVR426-07-AL1_C8GAAANXX
train,477,p8582_mo3,HallAB_2017,1,p8582_mo3
train,478,SKST011_1_G102971,HallAB_2017,1,SKST011_1_G102971
train,479,HSM6XRVW,HMP_2019_ibdmdb,1,HSM6XRVW
train,480,MSM79H87,HMP_2019_ibdmdb,1,MSM79H87
train,481,p9193_mo2,HallAB_2017,1,p9193_mo2
train,482,HSM7J4OE,HMP_2019_ibdmdb,1,HSM7J4OE
train,483,p8816_mo10,HallAB_2017,1,p8816_mo10
train,484,HMP2_J05420_M_ST_T0_B0_0120_ZLZNCLZ-1011_HBB8WADXX,HMP_2019_t2d,1,HMP2_J05420_M_ST_T0_B0_0120_ZLZNCLZ-1011_HBB8WADXX
train,485,HSMA33JN,HMP_2019_ibdmdb,1,HSMA33JN
train,486,HMP2_J00879_M_ST_T0_B0_0120_ZMBH10Z-01_C8GAAANXX,HMP_2019_t2d,1,HMP2_J00879_M_ST_T0_B0_0120_ZMBH10Z-01_C8GAAANXX
train,487,PSM7J14N,HMP_2019_ibdmdb,1,PSM7J14N
train,488,MSM6J2MJ,HMP_2019_ibdmdb,1,MSM6J2MJ
train,489,HSM7CZ1C,HMP_2019_ibdmdb,1,HSM7CZ1C
train,490,MSM79H8D,HMP_2019_ibdmdb,1,MSM79H8D
train,491,HSM6XRST,HMP_2019_ibdmdb,1,HSM6XRST
train,492,HMP2_J15232_M_ST_T0_B0_0120_ZY7IW45-03_BHLVVGADXX,HMP_2019_t2d,2,HMP2_J15232_M_ST_T0_B0_0120_ZY7IW45-03_BHLVVGADXX;HMP2_J15232_M_ST_T0_B0_0120_ZY7IW45-03_GES15-03628
train,493,HSMA33LH,HMP_2019_ibdmdb,1,HSMA33LH
train,494,MSM5LLDQ,HMP_2019_ibdmdb,1,MSM5LLDQ
train,495,MG100160,HanniganGD_2017,1,MG100160
train,496,PSM7J16Y,HMP_2019_ibdmdb,1,PSM7J16Y
train,497,HSM7J4KQ,HMP_2019_ibdmdb,1,HSM7J4KQ
train,498,p8748_mo9,HallAB_2017,1,p8748_mo9
train,499,PSM6XBS2_P,HMP_2019_ibdmdb,1,PSM6XBS2_P
train,500,PSM7J1CK_P,HMP_2019_ibdmdb,1,PSM7J1CK_P
train,501,MG100140,HanniganGD_2017,1,MG100140
train,502,HMP2_J00829_M_ST_T0_B0_0120_ZN9YTFN-1014_HA986ADXX,HMP_2019_t2d,1,HMP2_J00829_M_ST_T0_B0_0120_ZN9YTFN-1014_HA986ADXX
train,503,HSM6XRUX,HMP_2019_ibdmdb,1,HSM6XRUX
train,504,PSM7J1AO,HMP_2019_ibdmdb,1,PSM7J1AO
train,505,MSM9VZES,HMP_2019_ibdmdb,1,MSM9VZES
train,506,MSM9VZOQ,HMP_2019_ibdmdb,1,MSM9VZOQ
train,507,HMP2_J00830_M_ST_T0_B0_0120_ZN9YTFN-1015_HA986ADXX,HMP_2019_t2d,1,HMP2_J00830_M_ST_T0_B0_0120_ZN9YTFN-1015_HA986ADXX
train,508,MSM6J2HL,HMP_2019_ibdmdb,1,MSM6J2HL
train,509,HSM7CZ2Z,HMP_2019_ibdmdb,1,HSM7CZ2Z
train,510,p9061_mo4,HallAB_2017,1,p9061_mo4
train,511,HSM7J4RE,HMP_2019_ibdmdb,1,HSM7J4RE
train,512,p8712_mo1,HallAB_2017,1,p8712_mo1
train,513,HMP2_J00841_M_ST_T0_B0_0120_ZLZNCLZ-1013_C8GAAANXX,HMP_2019_t2d,1,HMP2_J00841_M_ST_T0_B0_0120_ZLZNCLZ-1013_C8GAAANXX
train,514,HSMA33OX,HMP_2019_ibdmdb,1,HSMA33OX
train,515,HSM7J4M8,HMP_2019_ibdmdb,1,HSM7J4M8
train,516,MSM9VZNL,HMP_2019_ibdmdb,1,MSM9VZNL
train,517,MSM79H7W,HMP_2019_ibdmdb,1,MSM79H7W
train,518,HSM6XRRD,HMP_2019_ibdmdb,1,HSM6XRRD
train,519,HMP2_J09121_M_ST_T0_B0_0120_ZL9BTWF-1025_C93B2ANXX,HMP_2019_t2d,1,HMP2_J09121_M_ST_T0_B0_0120_ZL9BTWF-1025_C93B2ANXX
train,520,PSM7J13K,HMP_2019_ibdmdb,1,PSM7J13K
train,521,PSM7J1AM,HMP_2019_ibdmdb,1,PSM7J1AM
train,522,HSM6XRUL,HMP_2019_ibdmdb,1,HSM6XRUL
train,523,PSMB4MBK,HMP_2019_ibdmdb,1,PSMB4MBK
train,524,MSM5LLGR_P,HMP_2019_ibdmdb,1,MSM5LLGR_P
train,525,HSM6XRT4_P,HMP_2019_ibdmdb,1,HSM6XRT4_P
train,526,HMP2_J16525_M_ST_T0_B0_0120_ZOZOW1T-6023_HLH73BGXX_S20,HMP_2019_t2d,1,HMP2_J16525_M_ST_T0_B0_0120_ZOZOW1T-6023_HLH73BGXX_S20
train,527,HMP2_J15233_M_ST_T0_B0_0120_ZY7IW45-04_BHLVVGADXX,HMP_2019_t2d,2,HMP2_J15233_M_ST_T0_B0_0120_ZY7IW45-04_BHLVVGADXX;HMP2_J15233_M_ST_T0_B0_0120_ZY7IW45-04_GES15-03629
train,528,PSM7J15S,HMP_2019_ibdmdb,1,PSM7J15S
train,529,HSM6XRVC_TR,HMP_2019_ibdmdb,1,HSM6XRVC_TR
train,530,HSMA33R5,HMP_2019_ibdmdb,1,HSMA33R5
train,531,HSMA33N4,HMP_2019_ibdmdb,1,HSMA33N4
train,532,HSM6XRT6_P,HMP_2019_ibdmdb,1,HSM6XRT6_P
train,533,HSMA33LJ,HMP_2019_ibdmdb,1,HSMA33LJ
train,534,p9223_mo8,HallAB_2017,1,p9223_mo8
train,535,HSMA33NW,HMP_2019_ibdmdb,1,HSMA33NW
train,536,HSM7J4OZ,HMP_2019_ibdmdb,1,HSM7J4OZ
train,537,PSM7J1B7,HMP_2019_ibdmdb,1,PSM7J1B7
train,538,HMP2_J08150_M_ST_T0_B0_0120_ZOZOW1T-6011_HCG2MBGXX_S3,HMP_2019_t2d,1,HMP2_J08150_M_ST_T0_B0_0120_ZOZOW1T-6011_HCG2MBGXX_S3
train,539,p9061_mo6,HallAB_2017,1,p9061_mo6
train,540,MSM5LLHE_P,HMP_2019_ibdmdb,1,MSM5LLHE_P
train,541,MSM6J2LY,HMP_2019_ibdmdb,1,MSM6J2LY
train,542,MSM5LLHI_P,HMP_2019_ibdmdb,1,MSM5LLHI_P
train,543,HSM67VH1,HMP_2019_ibdmdb,1,HSM67VH1
train,544,PSM6XBTZ_P,HMP_2019_ibdmdb,1,PSM6XBTZ_P
train,545,HMP2_J43812_M_ST_T0_B0_0120_ZYLJ7R7-01_C93B2ANXX,HMP_2019_t2d,1,HMP2_J43812_M_ST_T0_B0_0120_ZYLJ7R7-01_C93B2ANXX
train,546,HSM6XRV8,HMP_2019_ibdmdb,1,HSM6XRV8
train,547,p8816_mo11,HallAB_2017,1,p8816_mo11
train,548,HSM6XRR7,HMP_2019_ibdmdb,1,HSM6XRR7
train,549,HMP2_J08152_M_ST_T0_B0_0120_ZOZOW1T-6011.2_HCG2MBGXX_S5,HMP_2019_t2d,1,HMP2_J08152_M_ST_T0_B0_0120_ZOZOW1T-6011.2_HCG2MBGXX_S5
train,550,HMP2_J15238_M_ST_T0_B0_0120_ZW61YGW-02_C8GAAANXX,HMP_2019_t2d,1,HMP2_J15238_M_ST_T0_B0_0120_ZW61YGW-02_C8GAAANXX
train,551,HSM6XRQY,HMP_2019_ibdmdb,1,HSM6XRQY
train,552,HSMA33NG_P,HMP_2019_ibdmdb,1,HSMA33NG_P
train,553,HMP2_J43835_M_ST_T0_B0_0120_ZVBQY1N-6011_C93B2ANXX,HMP_2019_t2d,1,HMP2_J43835_M_ST_T0_B0_0120_ZVBQY1N-6011_C93B2ANXX
train,554,HSM7CZ1T_P,HMP_2019_ibdmdb,1,HSM7CZ1T_P
train,555,HSM7J4QH,HMP_2019_ibdmdb,1,HSM7J4QH
train,556,MSM6J2KC,HMP_2019_ibdmdb,1,MSM6J2KC
train,557,PSM6XBTP,HMP_2019_ibdmdb,1,PSM6XBTP
train,558,HSM7J4IS,HMP_2019_ibdmdb,1,HSM7J4IS
train,559,MSMA26BD,HMP_2019_ibdmdb,1,MSMA26BD
train,560,MSM6J2K4,HMP_2019_ibdmdb,1,MSM6J2K4
train,561,HMP2_J16508_M_ST_T0_B0_0120_ZOZOW1T-63_C93B2ANXX,HMP_2019_t2d,1,HMP2_J16508_M_ST_T0_B0_0120_ZOZOW1T-63_C93B2ANXX
train,562,HSM6XRSI,HMP_2019_ibdmdb,1,HSM6XRSI
train,563,SKST007_7_G103016,HallAB_2017,1,SKST007_7_G103016
train,564,SKST007_2_G102967,HallAB_2017,1,SKST007_2_G102967
train,565,HSM67VHB,HMP_2019_ibdmdb,1,HSM67VHB
train,566,HSM7J4QL,HMP_2019_ibdmdb,1,HSM7J4QL
train,567,p9220_mo7,HallAB_2017,1,p9220_mo7
train,568,MSMA267V,HMP_2019_ibdmdb,1,MSMA267V
train,569,SKST024_5_G103001,HallAB_2017,1,SKST024_5_G103001
train,570,HMP2_J09113_M_ST_T0_B0_0120_ZK4CK8Y-06_H7FHFBGXX_S45,HMP_2019_t2d,1,HMP2_J09113_M_ST_T0_B0_0120_ZK4CK8Y-06_H7FHFBGXX_S45
train,571,p9220_mo3,HallAB_2017,1,p9220_mo3
train,572,HSM7CYYD,HMP_2019_ibdmdb,1,HSM7CYYD
train,573,MSM5LLIQ_P,HMP_2019_ibdmdb,1,MSM5LLIQ_P
train,574,HSM7CZ1V,HMP_2019_ibdmdb,1,HSM7CZ1V
train,575,HMP2_J08155_M_ST_T0_B0_0120_ZOZOW1T-6012.2_HCG2MBGXX_S8,HMP_2019_t2d,1,HMP2_J08155_M_ST_T0_B0_0120_ZOZOW1T-6012.2_HCG2MBGXX_S8
train,576,HSMA33IE,HMP_2019_ibdmdb,1,HSMA33IE
train,577,MSM6J2M3,HMP_2019_ibdmdb,1,MSM6J2M3
train,578,MSM9VZFJ_P,HMP_2019_ibdmdb,1,MSM9VZFJ_P
train,579,HSM7J4KA,HMP_2019_ibdmdb,1,HSM7J4KA
train,580,HMP2_J43805_M_ST_T0_B0_0120_ZLZNCLZ-08_C93B2ANXX,HMP_2019_t2d,1,HMP2_J43805_M_ST_T0_B0_0120_ZLZNCLZ-08_C93B2ANXX
train,581,PSMA2659,HMP_2019_ibdmdb,1,PSMA2659
train,582,MSM6J2HP,HMP_2019_ibdmdb,1,MSM6J2HP
train,583,HSM7CZ3E,HMP_2019_ibdmdb,1,HSM7CZ3E
train,584,HMP2_J05420_M_ST_T0_B0_0120_ZLZNCLZ-1011_C8GAAANXX,HMP_2019_t2d,1,HMP2_J05420_M_ST_T0_B0_0120_ZLZNCLZ-1011_C8GAAANXX
train,585,SKST010_7_G103003,HallAB_2017,1,SKST010_7_G103003
train,586,MSM7J16L,HMP_2019_ibdmdb,1,MSM7J16L
train,587,HSMA33MX,HMP_2019_ibdmdb,1,HSMA33MX
train,588,HSM7J4QJ,HMP_2019_ibdmdb,1,HSM7J4QJ
train,589,PSM7J1DL,HMP_2019_ibdmdb,1,PSM7J1DL
train,590,PSM6XBUG,HMP_2019_ibdmdb,1,PSM6XBUG
train,591,MSM79HDO,HMP_2019_ibdmdb,1,MSM79HDO
train,592,HSM7CYY7,HMP_2019_ibdmdb,1,HSM7CYY7
train,593,HSM7J4M6,HMP_2019_ibdmdb,1,HSM7J4M6
train,594,p8808_mo4,HallAB_2017,1,p8808_mo4
train,595,MG100144,HanniganGD_2017,1,MG100144
train,596,HMP2_J08156_M_ST_T0_B0_0120_ZOZOW1T-6013_HCG2MBGXX_S9,HMP_2019_t2d,1,HMP2_J08156_M_ST_T0_B0_0120_ZOZOW1T-6013_HCG2MBGXX_S9
train,597,MSM6J2N6_P,HMP_2019_ibdmdb,1,MSM6J2N6_P
train,598,HMP2_J00839_M_ST_T0_B0_0120_ZLZQMEV-1015_C93B2ANXX,HMP_2019_t2d,1,HMP2_J00839_M_ST_T0_B0_0120_ZLZQMEV-1015_C93B2ANXX
train,599,PSMA264W,HMP_2019_ibdmdb,1,PSMA264W
train,600,MSM9VZOI,HMP_2019_ibdmdb,1,MSM9VZOI
train,601,p8712_mo3,HallAB_2017,1,p8712_mo3
train,602,HSM7J4HO,HMP_2019_ibdmdb,1,HSM7J4HO
train,603,HSM7CZ26,HMP_2019_ibdmdb,1,HSM7CZ26
train,604,HMP2_J00831_M_ST_T0_B0_0120_ZMGT937-01_C8GAAANXX,HMP_2019_t2d,1,HMP2_J00831_M_ST_T0_B0_0120_ZMGT937-01_C8GAAANXX
train,605,SKST025_6_G103010,HallAB_2017,1,SKST025_6_G103010
train,606,MSM79HBN,HMP_2019_ibdmdb,1,MSM79HBN
train,607,PSM7J1AS,HMP_2019_ibdmdb,1,PSM7J1AS
train,608,PSM7J13Q,HMP_2019_ibdmdb,1,PSM7J13Q
train,609,HMP2_J00845_M_ST_T0_B0_0120_ZLGD9M0-05_C8GAAANXX,HMP_2019_t2d,1,HMP2_J00845_M_ST_T0_B0_0120_ZLGD9M0-05_C8GAAANXX
train,610,HMP2_J05391_M_ST_T0_B0_0120_ZOZOW1T-55_H15WVBG,HMP_2019_t2d,1,HMP2_J05391_M_ST_T0_B0_0120_ZOZOW1T-55_H15WVBG
train,611,HMP2_J00827_M_ST_T0_B0_0120_ZN9YTFN-1012_C8GAAANXX,HMP_2019_t2d,1,HMP2_J00827_M_ST_T0_B0_0120_ZN9YTFN-1012_C8GAAANXX
train,612,PSMA265F,HMP_2019_ibdmdb,1,PSMA265F
train,613,HSM6XRQU,HMP_2019_ibdmdb,1,HSM6XRQU
train,614,MSMA26AZ,HMP_2019_ibdmdb,1,MSMA26AZ
train,615,HSM67VI9,HMP_2019_ibdmdb,1,HSM67VI9
train,616,MSM79H7O,HMP_2019_ibdmdb,1,MSM79H7O
train,617,PSMA264O,HMP_2019_ibdmdb,1,PSMA264O
train,618,HSM7CYXG,HMP_2019_ibdmdb,1,HSM7CYXG
train,619,HMP2_J00885_M_ST_T0_B0_0120_ZKFV71L-01_HA986ADXX,HMP_2019_t2d,1,HMP2_J00885_M_ST_T0_B0_0120_ZKFV71L-01_HA986ADXX
train,620,p9220_mo5,HallAB_2017,1,p9220_mo5
train,621,SKST011_7_G103017,HallAB_2017,1,SKST011_7_G103017
train,622,HMP2_J16531_M_ST_T0_B0_0120_ZVGW5FI-03_HK3LNBGXX_S2,HMP_2019_t2d,1,HMP2_J16531_M_ST_T0_B0_0120_ZVGW5FI-03_HK3LNBGXX_S2
train,623,MSM9VZHL,HMP_2019_ibdmdb,1,MSM9VZHL
train,624,PSM7J1CG,HMP_2019_ibdmdb,1,PSM7J1CG
train,625,HSMA33KU,HMP_2019_ibdmdb,1,HSMA33KU
train,626,PSMA267D,HMP_2019_ibdmdb,1,PSMA267D
train,627,MSMA26BR,HMP_2019_ibdmdb,1,MSMA26BR
train,628,HMP2_J43804_M_ST_T0_B0_0120_ZLZNCLZ-06_C93B2ANXX,HMP_2019_t2d,1,HMP2_J43804_M_ST_T0_B0_0120_ZLZNCLZ-06_C93B2ANXX
train,629,MSM6J2RK,HMP_2019_ibdmdb,1,MSM6J2RK
train,630,p9223_mo2,HallAB_2017,1,p9223_mo2
train,631,p8775_mo1,HallAB_2017,1,p8775_mo1
train,632,MSM9VZPL,HMP_2019_ibdmdb,1,MSM9VZPL
train,633,MSM6J2PU,HMP_2019_ibdmdb,1,MSM6J2PU
train,634,MSM5LLHX_P,HMP_2019_ibdmdb,1,MSM5LLHX_P
train,635,MSM79HEA,HMP_2019_ibdmdb,1,MSM79HEA
train,636,PSM7J19N,HMP_2019_ibdmdb,1,PSM7J19N
train,637,HMP2_J00892_M_ST_T0_B0_0120_ZJTKAE3-02_HA986ADXX,HMP_2019_t2d,1,HMP2_J00892_M_ST_T0_B0_0120_ZJTKAE3-02_HA986ADXX
train,638,HSMA33KO,HMP_2019_ibdmdb,1,HSMA33KO
train,639,MSM9VZHX,HMP_2019_ibdmdb,1,MSM9VZHX
train,640,MSM6J2Q1,HMP_2019_ibdmdb,1,MSM6J2Q1
train,641,p8649_mo1,HallAB_2017,1,p8649_mo1
train,642,MSM79H9W,HMP_2019_ibdmdb,1,MSM79H9W
train,643,HSM7J4O5,HMP_2019_ibdmdb,1,HSM7J4O5
train,644,MSM5LLER,HMP_2019_ibdmdb,1,MSM5LLER
train,645,PSM7J17Z,HMP_2019_ibdmdb,1,PSM7J17Z
train,646,p8748_mo6,HallAB_2017,1,p8748_mo6
train,647,HSM7J4HQ,HMP_2019_ibdmdb,1,HSM7J4HQ
train,648,SKST025_3_G102942,HallAB_2017,1,SKST025_3_G102942
train,649,HMP2_J15231_M_ST_T0_B0_0120_ZY7IW45-02_BHLVVGADXX,HMP_2019_t2d,2,HMP2_J15231_M_ST_T0_B0_0120_ZY7IW45-02_BHLVVGADXX;HMP2_J15231_M_ST_T0_B0_0120_ZY7IW45-02_GES15-03627
train,650,MSMB4LYB,HMP_2019_ibdmdb,1,MSMB4LYB
train,651,MSM6J2K6,HMP_2019_ibdmdb,1,MSM6J2K6
train,652,MSMA26CV,HMP_2019_ibdmdb,1,MSMA26CV
train,653,MG100156,HanniganGD_2017,1,MG100156
train,654,PSM6XBVI,HMP_2019_ibdmdb,1,PSM6XBVI
train,655,MSM5LLE9_P,HMP_2019_ibdmdb,1,MSM5LLE9_P
train,656,HMP2_J00834_M_ST_T0_B0_0120_ZMGT937-1014_HA986ADXX,HMP_2019_t2d,1,HMP2_J00834_M_ST_T0_B0_0120_ZMGT937-1014_HA986ADXX
train,657,PSM6XBS8,HMP_2019_ibdmdb,1,PSM6XBS8
train,658,HSM7J4JZ,HMP_2019_ibdmdb,1,HSM7J4JZ
train,659,p8712_mo7,HallAB_2017,1,p8712_mo7
train,660,MSM5LLIE_P,HMP_2019_ibdmdb,1,MSM5LLIE_P
train,661,HMP2_J43836_M_ST_T0_B0_0120_ZVBQY1N-6012_C93B2ANXX,HMP_2019_t2d,1,HMP2_J43836_M_ST_T0_B0_0120_ZVBQY1N-6012_C93B2ANXX
train,662,PSM6XBQY,HMP_2019_ibdmdb,1,PSM6XBQY
train,663,HSMA33OT,HMP_2019_ibdmdb,1,HSMA33OT
train,664,MSM79HCP,HMP_2019_ibdmdb,1,MSM79HCP
train,665,p9220_mo1,HallAB_2017,1,p9220_mo1
train,666,HMP2_J00879_M_ST_T0_B0_0120_ZMBH10Z-01_AC9387ANXX,HMP_2019_t2d,1,HMP2_J00879_M_ST_T0_B0_0120_ZMBH10Z-01_AC9387ANXX
train,667,HSM67VIJ_P,HMP_2019_ibdmdb,1,HSM67VIJ_P
train,668,HSMA33MI,HMP_2019_ibdmdb,1,HSMA33MI
train,669,HSM7J4OP,HMP_2019_ibdmdb,1,HSM7J4OP
train,670,HMP2_J00880_M_ST_T0_B0_0120_ZMBH10Z-02_HA986ADXX,HMP_2019_t2d,1,HMP2_J00880_M_ST_T0_B0_0120_ZMBH10Z-02_HA986ADXX
train,671,HSM6XRQK,HMP_2019_ibdmdb,1,HSM6XRQK
train,672,HMP2_J16520_M_ST_T0_B0_0120_ZOZOW1T-1011_HLH73BGXX_S15,HMP_2019_t2d,1,HMP2_J16520_M_ST_T0_B0_0120_ZOZOW1T-1011_HLH73BGXX_S15
train,673,HSM7CZ22,HMP_2019_ibdmdb,1,HSM7CZ22
train,674,HMP2_J00856_M_ST_T0_B0_0120_ZKVR426-01_HA986ADXX,HMP_2019_t2d,1,HMP2_J00856_M_ST_T0_B0_0120_ZKVR426-01_HA986ADXX
train,675,MSM6J2JP,HMP_2019_ibdmdb,1,MSM6J2JP
train,676,MSM5LLH8_P,HMP_2019_ibdmdb,1,MSM5LLH8_P
train,677,HSM7CYYP,HMP_2019_ibdmdb,1,HSM7CYYP
train,678,HMP2_J43832_M_ST_T0_B0_0120_ZVBQY1N-1023_C93B2ANXX,HMP_2019_t2d,1,HMP2_J43832_M_ST_T0_B0_0120_ZVBQY1N-1023_C93B2ANXX
train,679,HSMA33J7,HMP_2019_ibdmdb,1,HSMA33J7
train,680,HMP2_J43833_M_ST_T0_B0_0120_ZVBQY1N-1024_C93B2ANXX,HMP_2019_t2d,1,HMP2_J43833_M_ST_T0_B0_0120_ZVBQY1N-1024_C93B2ANXX
train,681,HMP2_J43806_M_ST_T0_B0_0120_ZLZNCLZ-10_C93B2ANXX,HMP_2019_t2d,1,HMP2_J43806_M_ST_T0_B0_0120_ZLZNCLZ-10_C93B2ANXX
train,682,MSM9VZIM,HMP_2019_ibdmdb,1,MSM9VZIM
train,683,HSM7J4KC,HMP_2019_ibdmdb,1,HSM7J4KC
train,684,HSM7CYZL,HMP_2019_ibdmdb,1,HSM7CYZL
train,685,MSM9VZEK,HMP_2019_ibdmdb,1,MSM9VZEK
train,686,MSMAPC7J,HMP_2019_ibdmdb,1,MSMAPC7J
train,687,HMP2_J00878_M_ST_T0_B0_0120_ZMBVNFM-04_AC9387ANXX,HMP_2019_t2d,1,HMP2_J00878_M_ST_T0_B0_0120_ZMBVNFM-04_AC9387ANXX
train,688,MSM79HF3,HMP_2019_ibdmdb,1,MSM79HF3
train,689,HSM7J4KO,HMP_2019_ibdmdb,1,HSM7J4KO
train,690,MSM6J2RM,HMP_2019_ibdmdb,1,MSM6J2RM
train,691,MSM5LLIM_P,HMP_2019_ibdmdb,1,MSM5LLIM_P
train,692,PSMA265X,HMP_2019_ibdmdb,1,PSMA265X
train,693,MSM9VZHR,HMP_2019_ibdmdb,1,MSM9VZHR
train,694,HSM6XRVM,HMP_2019_ibdmdb,1,HSM6XRVM
train,695,p8600_mo8,HallAB_2017,1,p8600_mo8
train,696,MSM6J2IQ,HMP_2019_ibdmdb,1,MSM6J2IQ
train,697,PSM7J1CC,HMP_2019_ibdmdb,1,PSM7J1CC
train,698,HMP2_J09105_M_ST_T0_B0_0120_ZM7JY3G-07_C8GAAANXX,HMP_2019_t2d,1,HMP2_J09105_M_ST_T0_B0_0120_ZM7JY3G-07_C8GAAANXX
train,699,PSMA26A3,HMP_2019_ibdmdb,1,PSMA26A3
train,700,MSM5LLF8,HMP_2019_ibdmdb,1,MSM5LLF8
train,701,HMP2_J00880_M_ST_T0_B0_0120_ZMBH10Z-02_AC9387ANXX,HMP_2019_t2d,1,HMP2_J00880_M_ST_T0_B0_0120_ZMBH10Z-02_AC9387ANXX
train,702,p9193_mo5,HallAB_2017,1,p9193_mo5
train,703,HSM6XRR3,HMP_2019_ibdmdb,1,HSM6XRR3
train,704,HMP2_J43845_M_ST_T0_B0_0120_ZL9BTWF-1023-AL2_C93B2ANXX,HMP_2019_t2d,1,HMP2_J43845_M_ST_T0_B0_0120_ZL9BTWF-1023-AL2_C93B2ANXX
train,705,PSM7J12R,HMP_2019_ibdmdb,1,PSM7J12R
train,706,HSM6XRSN,HMP_2019_ibdmdb,1,HSM6XRSN
train,707,MSM79H81,HMP_2019_ibdmdb,1,MSM79H81
train,708,HSM7J4IO,HMP_2019_ibdmdb,1,HSM7J4IO
train,709,HMP2_J00825_M_ST_T0_B0_0120_ZN9YTFN-01_C8GAAANXX,HMP_2019_t2d,1,HMP2_J00825_M_ST_T0_B0_0120_ZN9YTFN-01_C8GAAANXX
train,710,MSM9VZOY,HMP_2019_ibdmdb,1,MSM9VZOY
train,711,MSMB4LZZ,HMP_2019_ibdmdb,1,MSMB4LZZ
train,712,MSM9VZMC,HMP_2019_ibdmdb,1,MSM9VZMC
train,713,p8808_mo9,HallAB_2017,1,p8808_mo9
train,714,SKST037_2_G103023,HallAB_2017,1,SKST037_2_G103023
train,715,SKST012_3_G102950,HallAB_2017,1,SKST012_3_G102950
train,716,MSM6J2IK,HMP_2019_ibdmdb,1,MSM6J2IK
train,717,HSM6XRTG,HMP_2019_ibdmdb,1,HSM6XRTG
train,718,HMP2_J00861_M_ST_T0_B0_0120_ZKVR426-1012_C8GAAANXX,HMP_2019_t2d,1,HMP2_J00861_M_ST_T0_B0_0120_ZKVR426-1012_C8GAAANXX
train,719,p8775_mo11,HallAB_2017,1,p8775_mo11
train,720,MSM5LLH2_P,HMP_2019_ibdmdb,1,MSM5LLH2_P
train,721,HMP2_J00895_M_ST_T0_B0_0120_ZL9BTWF-05X_HA986ADXX,HMP_2019_t2d,1,HMP2_J00895_M_ST_T0_B0_0120_ZL9BTWF-05X_HA986ADXX
train,722,MSM6J2JD,HMP_2019_ibdmdb,1,MSM6J2JD
train,723,HMP2_J00861_M_ST_T0_B0_0120_ZKVR426-1012_HA986ADXX,HMP_2019_t2d,1,HMP2_J00861_M_ST_T0_B0_0120_ZKVR426-1012_HA986ADXX
train,724,MSM6J2LL,HMP_2019_ibdmdb,1,MSM6J2LL
train,725,MSM6J2PW,HMP_2019_ibdmdb,1,MSM6J2PW
train,726,MSMA26BB,HMP_2019_ibdmdb,1,MSMA26BB
train,727,HSMA33MG,HMP_2019_ibdmdb,1,HSMA33MG
train,728,MSM9VZFT,HMP_2019_ibdmdb,1,MSM9VZFT
train,729,HSM7J4PC,HMP_2019_ibdmdb,1,HSM7J4PC
train,730,HMP2_J00844_M_ST_T0_B0_0120_ZLYEM2C-1011_C8GAAANXX,HMP_2019_t2d,1,HMP2_J00844_M_ST_T0_B0_0120_ZLYEM2C-1011_C8GAAANXX
train,731,MSM5LLGF_P,HMP_2019_ibdmdb,1,MSM5LLGF_P
train,732,PSM7J15U,HMP_2019_ibdmdb,1,PSM7J15U
train,733,HMP2_J00845_M_ST_T0_B0_0120_ZLGD9M0-05_HA986ADXX,HMP_2019_t2d,1,HMP2_J00845_M_ST_T0_B0_0120_ZLGD9M0-05_HA986ADXX
train,734,PSM7J17L,HMP_2019_ibdmdb,1,PSM7J17L
train,735,p8582_mo10,HallAB_2017,1,p8582_mo10
train,736,HMP2_J00829_M_ST_T0_B0_0120_ZN9YTFN-1014_AC9387ANXX,HMP_2019_t2d,1,HMP2_J00829_M_ST_T0_B0_0120_ZN9YTFN-1014_AC9387ANXX
train,737,MSMA26DI,HMP_2019_ibdmdb,1,MSMA26DI
train,738,HMP2_J43814_M_ST_T0_B0_0120_ZYLJ7R7-03_C93B2ANXX,HMP_2019_t2d,1,HMP2_J43814_M_ST_T0_B0_0120_ZYLJ7R7-03_C93B2ANXX
train,739,MSM5LLDC,HMP_2019_ibdmdb,1,MSM5LLDC
train,740,PSM7J1C8,HMP_2019_ibdmdb,1,PSM7J1C8
train,741,PSM7J13Y,HMP_2019_ibdmdb,1,PSM7J13Y
train,742,HSM67VHQ,HMP_2019_ibdmdb,1,HSM67VHQ
train,743,MSM79H9C,HMP_2019_ibdmdb,1,MSM79H9C
train,744,HSM7J4MK,HMP_2019_ibdmdb,1,HSM7J4MK
train,745,HSMA33NQ,HMP_2019_ibdmdb,1,HSMA33NQ
train,746,HMP2_J08165_M_ST_T0_B0_0120_ZOZOW1T-6016.2_HCG2MBGXX_S18,HMP_2019_t2d,1,HMP2_J08165_M_ST_T0_B0_0120_ZOZOW1T-6016.2_HCG2MBGXX_S18
train,747,p8816_mo7,HallAB_2017,1,p8816_mo7
train,748,HSM7CZ2H,HMP_2019_ibdmdb,1,HSM7CZ2H
train,749,MSM5LLIG_P,HMP_2019_ibdmdb,1,MSM5LLIG_P
train,750,p8775_mo3,HallAB_2017,1,p8775_mo3
train,751,HMP2_J08170_M_ST_T0_B0_0120_ZVNCGHM-6014_HCG2MBGXX_S23,HMP_2019_t2d,1,HMP2_J08170_M_ST_T0_B0_0120_ZVNCGHM-6014_HCG2MBGXX_S23
train,752,HSM7J4IU,HMP_2019_ibdmdb,1,HSM7J4IU
train,753,HSM7CZ2L_P,HMP_2019_ibdmdb,1,HSM7CZ2L_P
train,754,MSM79HDM,HMP_2019_ibdmdb,1,MSM79HDM
train,755,HSM67VHH,HMP_2019_ibdmdb,1,HSM67VHH
train,756,PSMA267J,HMP_2019_ibdmdb,1,PSMA267J
train,757,HMP2_J00843_M_ST_T0_B0_0120_ZLYEM2C-03_HA986ADXX,HMP_2019_t2d,1,HMP2_J00843_M_ST_T0_B0_0120_ZLYEM2C-03_HA986ADXX
train,758,p8649_mo10,HallAB_2017,1,p8649_mo10
train,759,MSM9VZIU,HMP_2019_ibdmdb,1,MSM9VZIU
train,760,HSMA33MS,HMP_2019_ibdmdb,1,HSMA33MS
train,761,HMP2_J00841_M_ST_T0_B0_0120_ZLZNCLZ-1013_HA986ADXX,HMP_2019_t2d,1,HMP2_J00841_M_ST_T0_B0_0120_ZLZNCLZ-1013_HA986ADXX
train,762,MG100163,HanniganGD_2017,1,MG100163
train,763,HMP2_J15231_M_ST_T0_B0_0120_ZY7IW45-02_C8GAAANXX,HMP_2019_t2d,1,HMP2_J15231_M_ST_T0_B0_0120_ZY7IW45-02_C8GAAANXX
train,764,PSMA266U,HMP_2019_ibdmdb,1,PSMA266U
train,765,MSM79H85,HMP_2019_ibdmdb,1,MSM79H85
train,766,MSM5LLGL,HMP_2019_ibdmdb,1,MSM5LLGL
train,767,MSM5LLGD_P,HMP_2019_ibdmdb,1,MSM5LLGD_P
train,768,PSM7J18I,HMP_2019_ibdmdb,1,PSM7J18I
train,769,PSM7J17T,HMP_2019_ibdmdb,1,PSM7J17T
train,770,HMP2_J00833_M_ST_T0_B0_0120_ZMGT937-1013_HA986ADXX,HMP_2019_t2d,1,HMP2_J00833_M_ST_T0_B0_0120_ZMGT937-1013_HA986ADXX
train,771,MSMA2684,HMP_2019_ibdmdb,1,MSMA2684
train,772,PSMA263W,HMP_2019_ibdmdb,1,PSMA263W
train,773,p9281_mo3,HallAB_2017,1,p9281_mo3
train,774,MSM5LLDA,HMP_2019_ibdmdb,1,MSM5LLDA
train,775,HSM7J4I5,HMP_2019_ibdmdb,1,HSM7J4I5
train,776,PSM6XBVQ,HMP_2019_ibdmdb,1,PSM6XBVQ
train,777,MSM79H7Q,HMP_2019_ibdmdb,1,MSM79H7Q
train,778,MSMB4LXW,HMP_2019_ibdmdb,1,MSMB4LXW
train,779,MSM5LLI4_P,HMP_2019_ibdmdb,1,MSM5LLI4_P
train,780,MSM9VZFN,HMP_2019_ibdmdb,1,MSM9VZFN
train,781,HSMA33PZ,HMP_2019_ibdmdb,1,HSMA33PZ
train,782,HSM6XRSX,HMP_2019_ibdmdb,1,HSM6XRSX
train,783,HMP2_J15245_M_ST_T0_B0_0120_ZVGW5FI-01_BHLVVGADXX,HMP_2019_t2d,2,HMP2_J15245_M_ST_T0_B0_0120_ZVGW5FI-01_BHLVVGADXX;HMP2_J15245_M_ST_T0_B0_0120_ZVGW5FI-01_GES15-03640
train,784,MSM9VZNH,HMP_2019_ibdmdb,1,MSM9VZNH
train,785,MG100143,HanniganGD_2017,1,MG100143
train,786,HMP2_J00853_M_ST_T0_B0_0120_ZL9BTWF-06_AC9387ANXX,HMP_2019_t2d,1,HMP2_J00853_M_ST_T0_B0_0120_ZL9BTWF-06_AC9387ANXX
train,787,p8775_mo2,HallAB_2017,1,p8775_mo2
train,788,MSM79H9U_P,HMP_2019_ibdmdb,1,MSM79H9U_P
train,789,HMP2_J43819_M_ST_T0_B0_0120_ZYHHR4Z-05_C93B2ANXX,HMP_2019_t2d,1,HMP2_J43819_M_ST_T0_B0_0120_ZYHHR4Z-05_C93B2ANXX
train,790,PSM6XBT7,HMP_2019_ibdmdb,1,PSM6XBT7
train,791,p8646_mo12,HallAB_2017,1,p8646_mo12
train,792,HMP2_J09132_M_ST_T0_B0_0120_ZMGT937-1011_C93B2ANXX,HMP_2019_t2d,1,HMP2_J09132_M_ST_T0_B0_0120_ZMGT937-1011_C93B2ANXX
train,793,MSMAPC5D,HMP_2019_ibdmdb,1,MSMAPC5D
train,794,p8582_mo5,HallAB_2017,1,p8582_mo5
train,795,p8883_mo2,HallAB_2017,1,p8883_mo2
train,796,HMP2_J00831_M_ST_T0_B0_0120_ZMGT937-01_HA986ADXX,HMP_2019_t2d,1,HMP2_J00831_M_ST_T0_B0_0120_ZMGT937-01_HA986ADXX
train,797,HSM7J4JJ,HMP_2019_ibdmdb,1,HSM7J4JJ
train,798,MSM5LLH4_P,HMP_2019_ibdmdb,1,MSM5LLH4_P
train,799,HMP2_J00884_M_ST_T0_B0_0120_ZM7JY3G-04_C8GAAANXX,HMP_2019_t2d,1,HMP2_J00884_M_ST_T0_B0_0120_ZM7JY3G-04_C8GAAANXX
train,800,MG100151,HanniganGD_2017,1,MG100151
train,801,PSM6XBRM_P,HMP_2019_ibdmdb,1,PSM6XBRM_P
train,802,HSMA33KQ,HMP_2019_ibdmdb,1,HSMA33KQ
train,803,MSM79H9K,HMP_2019_ibdmdb,1,MSM79H9K
train,804,PSM7J156,HMP_2019_ibdmdb,1,PSM7J156
train,805,PSM7J15I,HMP_2019_ibdmdb,1,PSM7J15I
train,806,PSM6XBQM_P,HMP_2019_ibdmdb,1,PSM6XBQM_P
train,807,SKST011_3_G102973,HallAB_2017,1,SKST011_3_G102973
train,808,p8775_mo5,HallAB_2017,1,p8775_mo5
train,809,HMP2_J16506_M_ST_T0_B0_0120_ZOZOW1T-61_C93B2ANXX,HMP_2019_t2d,1,HMP2_J16506_M_ST_T0_B0_0120_ZOZOW1T-61_C93B2ANXX
train,810,MG100153,HanniganGD_2017,1,MG100153
train,811,HSM7CZ32,HMP_2019_ibdmdb,1,HSM7CZ32
train,812,HMP2_J00873_M_ST_T0_B0_0120_ZN0JE53-02_HA986ADXX,HMP_2019_t2d,1,HMP2_J00873_M_ST_T0_B0_0120_ZN0JE53-02_HA986ADXX
train,813,p8816_mo6,HallAB_2017,1,p8816_mo6
train,814,MSM79HCR,HMP_2019_ibdmdb,1,MSM79HCR
train,815,MSM5LLIK_P,HMP_2019_ibdmdb,1,MSM5LLIK_P
train,816,HSM7J4N8,HMP_2019_ibdmdb,1,HSM7J4N8
train,817,MSM5LLEP,HMP_2019_ibdmdb,1,MSM5LLEP
train,818,p8649_mo3,HallAB_2017,1,p8649_mo3
train,819,SKST007_3_G102949,HallAB_2017,1,SKST007_3_G102949
train,820,MSM79H9G,HMP_2019_ibdmdb,1,MSM79H9G
train,821,MSM79H65,HMP_2019_ibdmdb,1,MSM79H65
train,822,MG100142,HanniganGD_2017,1,MG100142
train,823,PSMA267R,HMP_2019_ibdmdb,1,PSMA267R
train,824,HSM7J4PM,HMP_2019_ibdmdb,1,HSM7J4PM
train,825,PSM7J12F,HMP_2019_ibdmdb,1,PSM7J12F
train,826,SKST010_8_G102998,HallAB_2017,1,SKST010_8_G102998
train,827,MSM79H94_P,HMP_2019_ibdmdb,1,MSM79H94_P
train,828,MG100154,HanniganGD_2017,1,MG100154
train,829,MSM79H8H,HMP_2019_ibdmdb,1,MSM79H8H
train,830,HSM7CZ1G,HMP_2019_ibdmdb,1,HSM7CZ1G
train,831,SKST024_8_G103031,HallAB_2017,1,SKST024_8_G103031
train,832,HSM7J4OB,HMP_2019_ibdmdb,1,HSM7J4OB
train,833,MSM79H7M,HMP_2019_ibdmdb,1,MSM79H7M
train,834,MG100136,HanniganGD_2017,1,MG100136
train,835,HMP2_J00826_M_ST_T0_B0_0120_ZN9YTFN-1011_HA986ADXX,HMP_2019_t2d,1,HMP2_J00826_M_ST_T0_B0_0120_ZN9YTFN-1011_HA986ADXX
train,836,HSM7J4P2,HMP_2019_ibdmdb,1,HSM7J4P2
train,837,HMP2_J05409_M_ST_T0_B0_0120_ZMBH10Z-04_C8GAAANXX,HMP_2019_t2d,1,HMP2_J05409_M_ST_T0_B0_0120_ZMBH10Z-04_C8GAAANXX
train,838,p8649_mo2,HallAB_2017,1,p8649_mo2
train,839,SKST006_10_G102994,HallAB_2017,1,SKST006_10_G102994
train,840,MSM6J2IY,HMP_2019_ibdmdb,1,MSM6J2IY
train,841,MSM79HCI,HMP_2019_ibdmdb,1,MSM79HCI
train,842,HSMA33SE,HMP_2019_ibdmdb,1,HSMA33SE
train,843,PSM7J12J,HMP_2019_ibdmdb,1,PSM7J12J
train,844,PSM7J193,HMP_2019_ibdmdb,1,PSM7J193
train,845,SKST027_2_G102985,HallAB_2017,1,SKST027_2_G102985
train,846,HSM7CYYF,HMP_2019_ibdmdb,1,HSM7CYYF
train,847,HSM7J4O3,HMP_2019_ibdmdb,1,HSM7J4O3
train,848,PSM6XBTR,HMP_2019_ibdmdb,1,PSM6XBTR
train,849,MSM5LLDK,HMP_2019_ibdmdb,1,MSM5LLDK
train,850,PSM7J13U_P,HMP_2019_ibdmdb,1,PSM7J13U_P
train,851,HSM7J4O1,HMP_2019_ibdmdb,1,HSM7J4O1
train,852,MSM9VZJZ,HMP_2019_ibdmdb,1,MSM9VZJZ
train,853,HMP2_J16508_M_ST_T0_B0_0120_ZOZOW1T-63_HLH73BGXX_S3,HMP_2019_t2d,1,HMP2_J16508_M_ST_T0_B0_0120_ZOZOW1T-63_HLH73BGXX_S3
train,854,HMP2_J16507_M_ST_T0_B0_0120_ZOZOW1T-62_C93B2ANXX,HMP_2019_t2d,1,HMP2_J16507_M_ST_T0_B0_0120_ZOZOW1T-62_C93B2ANXX
train,855,HSM6XRS2,HMP_2019_ibdmdb,1,HSM6XRS2
train,856,HSM7CYZV,HMP_2019_ibdmdb,1,HSM7CYZV
train,857,MSM5LLHA_P,HMP_2019_ibdmdb,1,MSM5LLHA_P
train,858,PSM7J19B,HMP_2019_ibdmdb,1,PSM7J19B
train,859,PSM6XBSO,HMP_2019_ibdmdb,1,PSM6XBSO
train,860,PSM6XBSU,HMP_2019_ibdmdb,1,PSM6XBSU
train,861,MSM5LLHG_P,HMP_2019_ibdmdb,1,MSM5LLHG_P
train,862,PSM7J19R,HMP_2019_ibdmdb,1,PSM7J19R
train,863,p8600_mo11,HallAB_2017,1,p8600_mo11
train,864,MG100167,HanniganGD_2017,1,MG100167
train,865,MSM79HF7,HMP_2019_ibdmdb,1,MSM79HF7
train,866,HSM7J4QZ,HMP_2019_ibdmdb,1,HSM7J4QZ
train,867,MSM79H54,HMP_2019_ibdmdb,1,MSM79H54
train,868,PSM6XBV2,HMP_2019_ibdmdb,1,PSM6XBV2
train,869,MSM6J2QD,HMP_2019_ibdmdb,1,MSM6J2QD
train,870,p9193_mo4,HallAB_2017,1,p9193_mo4
train,871,HMP2_J15234_M_ST_T0_B0_0120_ZWCZHHY-01_GES15-03630,HMP_2019_t2d,2,HMP2_J15234_M_ST_T0_B0_0120_ZWCZHHY-01_BHLVVGADXX;HMP2_J15234_M_ST_T0_B0_0120_ZWCZHHY-01_GES15-03630
train,872,HSM7J4PI,HMP_2019_ibdmdb,1,HSM7J4PI
train,873,MSM9VZOK,HMP_2019_ibdmdb,1,MSM9VZOK
train,874,HSM6XRVK,HMP_2019_ibdmdb,1,HSM6XRVK
train,875,MSM9VZIS,HMP_2019_ibdmdb,1,MSM9VZIS
train,876,SKST025_9_G103021,HallAB_2017,1,SKST025_9_G103021
train,877,SKST007_8_G102999,HallAB_2017,1,SKST007_8_G102999
train,878,SKST037_3_G103026,HallAB_2017,1,SKST037_3_G103026
train,879,MSM6J2K2,HMP_2019_ibdmdb,1,MSM6J2K2
train,880,p9281_mo2,HallAB_2017,1,p9281_mo2
train,881,HMP2_J16519_M_ST_T0_B0_0120_ZOZOW1T-1010_HLH73BGXX_S14,HMP_2019_t2d,1,HMP2_J16519_M_ST_T0_B0_0120_ZOZOW1T-1010_HLH73BGXX_S14
train,882,MSM5LLDM,HMP_2019_ibdmdb,1,MSM5LLDM
train,883,HMP2_J00887_M_ST_T0_B0_0120_ZKFV71L-04_C8GAAANXX,HMP_2019_t2d,1,HMP2_J00887_M_ST_T0_B0_0120_ZKFV71L-04_C8GAAANXX
train,884,HSM6XRSZ_P,HMP_2019_ibdmdb,1,HSM6XRSZ_P
train,885,MSM79HCG,HMP_2019_ibdmdb,1,MSM79HCG
train,886,MSM9VZHN,HMP_2019_ibdmdb,1,MSM9VZHN
train,887,HMP2_J00847_M_ST_T0_B0_0120_ZLGD9M0-1012_C8GAAANXX,HMP_2019_t2d,1,HMP2_J00847_M_ST_T0_B0_0120_ZLGD9M0-1012_C8GAAANXX
train,888,MG100158,HanniganGD_2017,1,MG100158
train,889,HSM7J4JT_P,HMP_2019_ibdmdb,1,HSM7J4JT_P
train,890,MSM6J2KM,HMP_2019_ibdmdb,1,MSM6J2KM
train,891,PSM7J17X,HMP_2019_ibdmdb,1,PSM7J17X
train,892,p8582_mo6,HallAB_2017,1,p8582_mo6
train,893,PSM7J141,HMP_2019_ibdmdb,1,PSM7J141
train,894,PSM7J4EF,HMP_2019_ibdmdb,1,PSM7J4EF
train,895,SKST010_2_G102969,HallAB_2017,1,SKST010_2_G102969
train,896,MSM9VZMI,HMP_2019_ibdmdb,1,MSM9VZMI
train,897,MSM6J2LR,HMP_2019_ibdmdb,1,MSM6J2LR
train,898,MSMB4LZC,HMP_2019_ibdmdb,1,MSMB4LZC
train,899,HMP2_J00849_M_ST_T0_B0_0120_ZLGD9M0-1014_HA986ADXX,HMP_2019_t2d,1,HMP2_J00849_M_ST_T0_B0_0120_ZLGD9M0-1014_HA986ADXX
train,900,MSM5LLIC_P,HMP_2019_ibdmdb,1,MSM5LLIC_P
train,901,MSM79H9Y,HMP_2019_ibdmdb,1,MSM79H9Y
train,902,MSM6J2OJ,HMP_2019_ibdmdb,1,MSM6J2OJ
train,903,p8712_mo4,HallAB_2017,1,p8712_mo4
train,904,HSM7J4HW,HMP_2019_ibdmdb,1,HSM7J4HW
train,905,MG100170,HanniganGD_2017,1,MG100170
train,906,p9216_mo2,HallAB_2017,1,p9216_mo2
train,907,HMP2_J00858_M_ST_T0_B0_0120_ZKVR426-03_HA986ADXX,HMP_2019_t2d,1,HMP2_J00858_M_ST_T0_B0_0120_ZKVR426-03_HA986ADXX
train,908,HMP2_J00841_M_ST_T0_B0_0120_ZLZNCLZ-1013_AC9387ANXX,HMP_2019_t2d,1,HMP2_J00841_M_ST_T0_B0_0120_ZLZNCLZ-1013_AC9387ANXX
train,909,p9061_mo7,HallAB_2017,1,p9061_mo7
train,910,HSM7J4HI,HMP_2019_ibdmdb,1,HSM7J4HI
train,911,MSMAPC7P,HMP_2019_ibdmdb,1,MSMAPC7P
train,912,MSM79HA3,HMP_2019_ibdmdb,1,MSM79HA3
train,913,MSM9VZF3,HMP_2019_ibdmdb,1,MSM9VZF3
train,914,HMP2_J00855_M_ST_T0_B0_0120_ZL9BTWF-1013_HA986ADXX,HMP_2019_t2d,1,HMP2_J00855_M_ST_T0_B0_0120_ZL9BTWF-1013_HA986ADXX
train,915,MSM79HFB,HMP_2019_ibdmdb,1,MSM79HFB
train,916,MSM6J2ON,HMP_2019_ibdmdb,1,MSM6J2ON
train,917,HMP2_J16523_M_ST_T0_B0_0120_ZOZOW1T-6021_HLH73BGXX_S18,HMP_2019_t2d,1,HMP2_J16523_M_ST_T0_B0_0120_ZOZOW1T-6021_HLH73BGXX_S18
train,918,HSM7J4K2,HMP_2019_ibdmdb,1,HSM7J4K2
train,919,p8646_mo11,HallAB_2017,1,p8646_mo11
train,920,HSM7CZ2J_P,HMP_2019_ibdmdb,1,HSM7CZ2J_P
train,921,HSM7J4GR,HMP_2019_ibdmdb,1,HSM7J4GR
train,922,PSM7J1CU,HMP_2019_ibdmdb,1,PSM7J1CU
train,923,HMP2_J08172_M_ST_T0_B0_0120_ZVNCGHM-6016_HCG2MBGXX_S25,HMP_2019_t2d,1,HMP2_J08172_M_ST_T0_B0_0120_ZVNCGHM-6016_HCG2MBGXX_S25
train,924,MSMB4LZX,HMP_2019_ibdmdb,1,MSMB4LZX
train,925,MSM9VZL9,HMP_2019_ibdmdb,1,MSM9VZL9
train,926,PSM6XBVK,HMP_2019_ibdmdb,1,PSM6XBVK
train,927,HSM7J4KK,HMP_2019_ibdmdb,1,HSM7J4KK
train,928,MSM9VZJJ_P,HMP_2019_ibdmdb,1,MSM9VZJJ_P
train,929,MSMA26DG,HMP_2019_ibdmdb,1,MSMA26DG
train,930,MG100155,HanniganGD_2017,1,MG100155
train,931,HSM7J4Q3_P,HMP_2019_ibdmdb,1,HSM7J4Q3_P
train,932,MSM6J2QL,HMP_2019_ibdmdb,1,MSM6J2QL
train,933,MSMA26BJ,HMP_2019_ibdmdb,1,MSMA26BJ
train,934,MSM6J2RG_P,HMP_2019_ibdmdb,1,MSM6J2RG_P
train,935,HMP2_J43825_M_ST_T0_B0_0120_ZX52KVK-1032_C93B2ANXX,HMP_2019_t2d,1,HMP2_J43825_M_ST_T0_B0_0120_ZX52KVK-1032_C93B2ANXX
train,936,HMP2_J43829_M_ST_T0_B0_0120_ZVBQY1N-1015_C93B2ANXX,HMP_2019_t2d,1,HMP2_J43829_M_ST_T0_B0_0120_ZVBQY1N-1015_C93B2ANXX
train,937,HSM7J4HM,HMP_2019_ibdmdb,1,HSM7J4HM
train,938,HSM7J4NE,HMP_2019_ibdmdb,1,HSM7J4NE
train,939,p8582_mo2,HallAB_2017,1,p8582_mo2
train,940,p8748_mo4,HallAB_2017,1,p8748_mo4
train,941,HSMA33RT,HMP_2019_ibdmdb,1,HSMA33RT
train,942,MSM9VZOW,HMP_2019_ibdmdb,1,MSM9VZOW
train,943,p9220_mo4,HallAB_2017,1,p9220_mo4
train,944,MSMAPC6M,HMP_2019_ibdmdb,1,MSMAPC6M
train,945,p9281_mo5,HallAB_2017,1,p9281_mo5
train,946,SKST023_1_G102981,HallAB_2017,1,SKST023_1_G102981
train,947,HSM7CYXA,HMP_2019_ibdmdb,1,HSM7CYXA
train,948,SKST012_4_G102954,HallAB_2017,1,SKST012_4_G102954
train,949,MSMA26BX,HMP_2019_ibdmdb,1,MSMA26BX
train,950,HSM7J4JD,HMP_2019_ibdmdb,1,HSM7J4JD
train,951,HSM7J4PG,HMP_2019_ibdmdb,1,HSM7J4PG
train,952,SKST032_4_G103008,HallAB_2017,1,SKST032_4_G103008
train,953,p8816_mo2,HallAB_2017,1,p8816_mo2
train,954,PSM6XBRK_P,HMP_2019_ibdmdb,1,PSM6XBRK_P
train,955,HSM7CYZF,HMP_2019_ibdmdb,1,HSM7CYZF
train,956,HSMA33MZ,HMP_2019_ibdmdb,1,HSMA33MZ
train,957,MSM6J2PO,HMP_2019_ibdmdb,1,MSM6J2PO
train,958,PSM7J1CS_P,HMP_2019_ibdmdb,1,PSM7J1CS_P
train,959,HMP2_J09104_M_ST_T0_B0_0120_ZM7JY3G-05_H7FHFBGXX_S36,HMP_2019_t2d,1,HMP2_J09104_M_ST_T0_B0_0120_ZM7JY3G-05_H7FHFBGXX_S36
train,960,PSM6XBR1,HMP_2019_ibdmdb,1,PSM6XBR1
train,961,MSM6J2HT,HMP_2019_ibdmdb,1,MSM6J2HT
train,962,HSM7CYXS,HMP_2019_ibdmdb,1,HSM7CYXS
train,963,MG100169,HanniganGD_2017,1,MG100169
train,964,MSMA267X,HMP_2019_ibdmdb,1,MSMA267X
train,965,p9061_mo5,HallAB_2017,1,p9061_mo5
train,966,MSM79H52_P,HMP_2019_ibdmdb,1,MSM79H52_P
train,967,HSM6XRT2_P,HMP_2019_ibdmdb,1,HSM6XRT2_P
train,968,PSM6XBVS,HMP_2019_ibdmdb,1,PSM6XBVS
train,969,HMP2_J00876_M_ST_T0_B0_0120_ZMBVNFM-02_C8GAAANXX,HMP_2019_t2d,1,HMP2_J00876_M_ST_T0_B0_0120_ZMBVNFM-02_C8GAAANXX
train,970,HMP2_J16507_M_ST_T0_B0_0120_ZOZOW1T-62_HLH73BGXX_S2,HMP_2019_t2d,1,HMP2_J16507_M_ST_T0_B0_0120_ZOZOW1T-62_HLH73BGXX_S2
train,971,HSM6XRQO,HMP_2019_ibdmdb,1,HSM6XRQO
train,972,p8646_mo3,HallAB_2017,1,p8646_mo3
train,973,PSM7J173,HMP_2019_ibdmdb,1,PSM7J173
train,974,HMP2_J43831_M_ST_T0_B0_0120_ZVBQY1N-1022_C93B2ANXX,HMP_2019_t2d,1,HMP2_J43831_M_ST_T0_B0_0120_ZVBQY1N-1022_C93B2ANXX
train,975,MSM9VZFR,HMP_2019_ibdmdb,1,MSM9VZFR
train,976,MG100145,HanniganGD_2017,1,MG100145
train,977,HMP2_J00853_M_ST_T0_B0_0120_ZL9BTWF-06_HA986ADXX,HMP_2019_t2d,1,HMP2_J00853_M_ST_T0_B0_0120_ZL9BTWF-06_HA986ADXX
train,978,HMP2_J08153_M_ST_T0_B0_0120_ZOZOW1T-6012_HCG2MBGXX_S6,HMP_2019_t2d,1,HMP2_J08153_M_ST_T0_B0_0120_ZOZOW1T-6012_HCG2MBGXX_S6
train,979,HSM7CZ1A,HMP_2019_ibdmdb,1,HSM7CZ1A
train,980,HMP2_J16528_M_ST_T0_B0_0120_ZOZOW1T-2002_HLH73BGXX_S23,HMP_2019_t2d,1,HMP2_J16528_M_ST_T0_B0_0120_ZOZOW1T-2002_HLH73BGXX_S23
train,981,HSM7J4OV,HMP_2019_ibdmdb,1,HSM7J4OV
train,982,HMP2_J08149_M_ST_T0_B0_0120_ZOZOW1T-83_HCG2MBGXX_S2,HMP_2019_t2d,1,HMP2_J08149_M_ST_T0_B0_0120_ZOZOW1T-83_HCG2MBGXX_S2
train,983,MSMB4LXY,HMP_2019_ibdmdb,1,MSMB4LXY
train,984,HSM6XRTQ,HMP_2019_ibdmdb,1,HSM6XRTQ
train,985,MG100149,HanniganGD_2017,1,MG100149
train,986,HSMA33IC,HMP_2019_ibdmdb,1,HSMA33IC
train,987,HMP2_J08169_M_ST_T0_B0_0120_ZVNCGHM-6013_HCG2MBGXX_S22,HMP_2019_t2d,1,HMP2_J08169_M_ST_T0_B0_0120_ZVNCGHM-6013_HCG2MBGXX_S22
train,988,MSM9VZMW,HMP_2019_ibdmdb,1,MSM9VZMW
train,989,MSM79HD6_P,HMP_2019_ibdmdb,1,MSM79HD6_P
train,990,MSM79H58,HMP_2019_ibdmdb,1,MSM79H58
train,991,HMP2_J00836_M_ST_T0_B0_0120_ZLZQMEV-03_HA986ADXX,HMP_2019_t2d,1,HMP2_J00836_M_ST_T0_B0_0120_ZLZQMEV-03_HA986ADXX
train,992,PSM7J18G,HMP_2019_ibdmdb,1,PSM7J18G
train,993,HSM6XRV2,HMP_2019_ibdmdb,1,HSM6XRV2
train,994,MSM6J2K8,HMP_2019_ibdmdb,1,MSM6J2K8
train,995,MSM6J2HF,HMP_2019_ibdmdb,1,MSM6J2HF
train,996,HMP2_J00854_M_ST_T0_B0_0120_ZL9BTWF-1012_HA986ADXX,HMP_2019_t2d,1,HMP2_J00854_M_ST_T0_B0_0120_ZL9BTWF-1012_HA986ADXX
train,997,PSMA263S,HMP_2019_ibdmdb,1,PSMA263S
train,998,MSM6J2Q5,HMP_2019_ibdmdb,1,MSM6J2Q5
train,999,p8712_mo5,HallAB_2017,1,p8712_mo5
train,1000,MSM9VZOU,HMP_2019_ibdmdb,1,MSM9VZOU
train,1001,MSM5LLHR_P,HMP_2019_ibdmdb,1,MSM5LLHR_P
train,1002,MSMA26CX,HMP_2019_ibdmdb,1,MSMA26CX
train,1003,HSM7J4OL,HMP_2019_ibdmdb,1,HSM7J4OL
train,1004,SKST010_6_G103004,HallAB_2017,1,SKST010_6_G103004
train,1005,HSM6XRQC_P,HMP_2019_ibdmdb,1,HSM6XRQC_P
train,1006,PSM6XBT3,HMP_2019_ibdmdb,1,PSM6XBT3
train,1007,PSM7J1BL,HMP_2019_ibdmdb,1,PSM7J1BL
train,1008,MSM6J2LJ,HMP_2019_ibdmdb,1,MSM6J2LJ
train,1009,HSM7J4MW,HMP_2019_ibdmdb,1,HSM7J4MW
train,1010,MSM6J2Q3,HMP_2019_ibdmdb,1,MSM6J2Q3
train,1011,HMP2_J16529_M_ST_T0_B0_0120_ZOZOW1T-46_HLH73BGXX_S24,HMP_2019_t2d,1,HMP2_J16529_M_ST_T0_B0_0120_ZOZOW1T-46_HLH73BGXX_S24
train,1012,HMP2_J00884_M_ST_T0_B0_0120_ZM7JY3G-04_HA986ADXX,HMP_2019_t2d,1,HMP2_J00884_M_ST_T0_B0_0120_ZM7JY3G-04_HA986ADXX
train,1013,PSMA2675,HMP_2019_ibdmdb,1,PSMA2675
train,1014,MSMA26EL,HMP_2019_ibdmdb,1,MSMA26EL
train,1015,PSM7J14T,HMP_2019_ibdmdb,1,PSM7J14T
train,1016,p8646_mo4,HallAB_2017,1,p8646_mo4
train,1017,MG100139,HanniganGD_2017,1,MG100139
train,1018,PSMA2671,HMP_2019_ibdmdb,1,PSMA2671
train,1019,HMP2_J05446_M_ST_T0_B0_0120_ZKFV71L-05_HBB8WADXX,HMP_2019_t2d,1,HMP2_J05446_M_ST_T0_B0_0120_ZKFV71L-05_HBB8WADXX
train,1020,MSM79H83,HMP_2019_ibdmdb,1,MSM79H83
train,1021,p9193_mo6,HallAB_2017,1,p9193_mo6
train,1022,p8712_mo12,HallAB_2017,1,p8712_mo12
train,1023,MSM6J2JN,HMP_2019_ibdmdb,1,MSM6J2JN
train,1024,HSMA33R1,HMP_2019_ibdmdb,1,HSMA33R1
train,1025,HSM7J4KM,HMP_2019_ibdmdb,1,HSM7J4KM
train,1026,HMP2_J15239_M_ST_T0_B0_0120_ZW61YGW-03_GES15-03635,HMP_2019_t2d,2,HMP2_J15239_M_ST_T0_B0_0120_ZW61YGW-03_BHLVVGADXX;HMP2_J15239_M_ST_T0_B0_0120_ZW61YGW-03_GES15-03635
train,1027,SKST007_1_G102966,HallAB_2017,1,SKST007_1_G102966
train,1028,MSM9VZIQ,HMP_2019_ibdmdb,1,MSM9VZIQ
train,1029,MSM9VZLD,HMP_2019_ibdmdb,1,MSM9VZLD
train,1030,MSM79H5U,HMP_2019_ibdmdb,1,MSM79H5U
train,1031,HSMA33LP,HMP_2019_ibdmdb,1,HSMA33LP
train,1032,MSM9VZLT,HMP_2019_ibdmdb,1,MSM9VZLT
train,1033,HSM6XRQ8,HMP_2019_ibdmdb,1,HSM6XRQ8
train,1034,HSM7J4JP,HMP_2019_ibdmdb,1,HSM7J4JP
train,1035,PSMA265N,HMP_2019_ibdmdb,1,PSMA265N
train,1036,HMP2_J05393_M_ST_T0_B0_0120_ZOZOW1T-56_HB5LAADX,HMP_2019_t2d,1,HMP2_J05393_M_ST_T0_B0_0120_ZOZOW1T-56_HB5LAADX
train,1037,HSM7J4K6,HMP_2019_ibdmdb,1,HSM7J4K6
train,1038,HSMA33S4,HMP_2019_ibdmdb,1,HSMA33S4
train,1039,MSMAPC5L,HMP_2019_ibdmdb,1,MSMAPC5L
train,1040,p8600_mo1,HallAB_2017,1,p8600_mo1
train,1041,MSM6J2RS,HMP_2019_ibdmdb,1,MSM6J2RS
train,1042,p9281_mo1,HallAB_2017,1,p9281_mo1
train,1043,HSMA33JP,HMP_2019_ibdmdb,1,HSMA33JP
train,1044,MSM9VZJB,HMP_2019_ibdmdb,1,MSM9VZJB
train,1045,HSM7CZ3A,HMP_2019_ibdmdb,1,HSM7CZ3A
train,1046,PSM7J1B9,HMP_2019_ibdmdb,1,PSM7J1B9
train,1047,SKST027_11_G102996,HallAB_2017,1,SKST027_11_G102996
train,1048,SKST011_8_G103000,HallAB_2017,1,SKST011_8_G103000
train,1049,MSM79H67,HMP_2019_ibdmdb,1,MSM79H67
train,1050,MSM9VZI2,HMP_2019_ibdmdb,1,MSM9VZI2
train,1051,p8582_mo7,HallAB_2017,1,p8582_mo7
train,1052,HMP2_J28634_M_ST_T0_B0_0120_ZLZNCLZ-2015_C93B2ANXX,HMP_2019_t2d,1,HMP2_J28634_M_ST_T0_B0_0120_ZLZNCLZ-2015_C93B2ANXX
train,1053,MSM6J2KE,HMP_2019_ibdmdb,1,MSM6J2KE
train,1054,HSM7J4I3,HMP_2019_ibdmdb,1,HSM7J4I3
train,1055,PSMA264S,HMP_2019_ibdmdb,1,PSMA264S
train,1056,PSM7J199,HMP_2019_ibdmdb,1,PSM7J199
train,1057,HSMA33LX,HMP_2019_ibdmdb,1,HSMA33LX
train,1058,HMP2_J05383_M_ST_T0_B0_0120_ZOZOW1T-49_HB5LAADX,HMP_2019_t2d,1,HMP2_J05383_M_ST_T0_B0_0120_ZOZOW1T-49_HB5LAADX
train,1059,HSMA33KE,HMP_2019_ibdmdb,1,HSMA33KE
train,1060,HSM7CYYR_P,HMP_2019_ibdmdb,1,HSM7CYYR_P
train,1061,HSM7J4NU,HMP_2019_ibdmdb,1,HSM7J4NU
train,1062,MSM7J16J,HMP_2019_ibdmdb,1,MSM7J16J
train,1063,SKST032_5_G103024,HallAB_2017,1,SKST032_5_G103024
train,1064,PSM7J1BR,HMP_2019_ibdmdb,1,PSM7J1BR
train,1065,MSM79HBL,HMP_2019_ibdmdb,1,MSM79HBL
train,1066,SKST032_2_G102946,HallAB_2017,1,SKST032_2_G102946
train,1067,SKST010_1_G102968,HallAB_2017,1,SKST010_1_G102968
train,1068,HMP2_J09155_M_ST_T0_B0_0120_ZYHHR4Z-1024_C93B2ANXX,HMP_2019_t2d,1,HMP2_J09155_M_ST_T0_B0_0120_ZYHHR4Z-1024_C93B2ANXX
train,1069,MSMAPC6G,HMP_2019_ibdmdb,1,MSMAPC6G
train,1070,HSM7CYX6,HMP_2019_ibdmdb,1,HSM7CYX6
train,1071,HSMA33JB,HMP_2019_ibdmdb,1,HSMA33JB
train,1072,MG100166,HanniganGD_2017,1,MG100166
train,1073,HSM7J4HU,HMP_2019_ibdmdb,1,HSM7J4HU
train,1074,MSM6J2RQ,HMP_2019_ibdmdb,1,MSM6J2RQ
train,1075,MSM79HF5,HMP_2019_ibdmdb,1,MSM79HF5
train,1076,MSM6J2R2,HMP_2019_ibdmdb,1,MSM6J2R2
train,1077,p8775_mo6,HallAB_2017,1,p8775_mo6
train,1078,PSMA265D,HMP_2019_ibdmdb,1,PSMA265D
train,1079,p9281_mo6,HallAB_2017,1,p9281_mo6
train,1080,MSMA26EJ,HMP_2019_ibdmdb,1,MSMA26EJ
train,1081,HMP2_J43813_M_ST_T0_B0_0120_ZYLJ7R7-02_C93B2ANXX,HMP_2019_t2d,1,HMP2_J43813_M_ST_T0_B0_0120_ZYLJ7R7-02_C93B2ANXX
train,1082,PSMB4MC3,HMP_2019_ibdmdb,1,PSMB4MC3
train,1083,p9216_mo8,HallAB_2017,1,p9216_mo8
train,1084,p8582_mo4,HallAB_2017,1,p8582_mo4
train,1085,MSM9VZFF,HMP_2019_ibdmdb,1,MSM9VZFF
train,1086,SKST012_2_G102975,HallAB_2017,1,SKST012_2_G102975
train,1087,HSM7J4QB,HMP_2019_ibdmdb,1,HSM7J4QB
train,1088,HMP2_J15236_M_ST_T0_B0_0120_ZWCZHHY-03_BHLVVGADXX,HMP_2019_t2d,2,HMP2_J15236_M_ST_T0_B0_0120_ZWCZHHY-03_BHLVVGADXX;HMP2_J15236_M_ST_T0_B0_0120_ZWCZHHY-03_GES15-03632
train,1089,PSM6XBSE,HMP_2019_ibdmdb,1,PSM6XBSE
train,1090,SKST024_6_G103012,HallAB_2017,1,SKST024_6_G103012
train,1091,p9061_mo8,HallAB_2017,1,p9061_mo8
train,1092,MSM9VZNZ,HMP_2019_ibdmdb,1,MSM9VZNZ
train,1093,HMP2_J43828_M_ST_T0_B0_0120_ZVBQY1N-1014_C93B2ANXX,HMP_2019_t2d,1,HMP2_J43828_M_ST_T0_B0_0120_ZVBQY1N-1014_C93B2ANXX
train,1094,MSM9VZGW,HMP_2019_ibdmdb,1,MSM9VZGW
train,1095,HSMA33Q6,HMP_2019_ibdmdb,1,HSMA33Q6
train,1096,HMP2_J00825_M_ST_T0_B0_0120_ZN9YTFN-01_HA986ADXX,HMP_2019_t2d,1,HMP2_J00825_M_ST_T0_B0_0120_ZN9YTFN-01_HA986ADXX
train,1097,HSM7J4I9,HMP_2019_ibdmdb,1,HSM7J4I9
train,1098,SKST023_2_G102987,HallAB_2017,1,SKST023_2_G102987
train,1099,p8883_mo4,HallAB_2017,1,p8883_mo4
train,1100,HMP2_J16518_M_ST_T0_B0_0120_ZOZOW1T-84b_HLH73BGXX_S13,HMP_2019_t2d,1,HMP2_J16518_M_ST_T0_B0_0120_ZOZOW1T-84b_HLH73BGXX_S13
train,1101,HMP2_J00874_M_ST_T0_B0_0120_ZN0JE53-03_HA986ADXX,HMP_2019_t2d,1,HMP2_J00874_M_ST_T0_B0_0120_ZN0JE53-03_HA986ADXX
train,1102,HMP2_J05422_M_ST_T0_B0_0120_ZLZNCLZ-1012_HBB8WADXX,HMP_2019_t2d,1,HMP2_J05422_M_ST_T0_B0_0120_ZLZNCLZ-1012_HBB8WADXX
train,1103,p9061_mo2,HallAB_2017,1,p9061_mo2
train,1104,SKST024_7_G103022,HallAB_2017,1,SKST024_7_G103022
train,1105,HSM6XRQS,HMP_2019_ibdmdb,1,HSM6XRQS
train,1106,HSM7J4ME,HMP_2019_ibdmdb,1,HSM7J4ME
train,1107,HMP2_J09120_M_ST_T0_B0_0120_ZL9BTWF-1024_C93B2ANXX,HMP_2019_t2d,1,HMP2_J09120_M_ST_T0_B0_0120_ZL9BTWF-1024_C93B2ANXX
train,1108,HSM67VIB,HMP_2019_ibdmdb,1,HSM67VIB
train,1109,p9216_mo3,HallAB_2017,1,p9216_mo3
train,1110,PSMA263M,HMP_2019_ibdmdb,1,PSMA263M
train,1111,MSM9VZKI,HMP_2019_ibdmdb,1,MSM9VZKI
train,1112,SKST010_5_G102990,HallAB_2017,1,SKST010_5_G102990
train,1113,HMP2_J05447_M_ST_T0_B0_0120_ZK4CK8Y-01_C8GAAANXX,HMP_2019_t2d,1,HMP2_J05447_M_ST_T0_B0_0120_ZK4CK8Y-01_C8GAAANXX
train,1114,HMP2_J08164_M_ST_T0_B0_0120_ZOZOW1T-6016.1_HCG2MBGXX_S17,HMP_2019_t2d,1,HMP2_J08164_M_ST_T0_B0_0120_ZOZOW1T-6016.1_HCG2MBGXX_S17
train,1115,MSM79H7E,HMP_2019_ibdmdb,1,MSM79H7E
train,1116,PSM7J12B,HMP_2019_ibdmdb,1,PSM7J12B
train,1117,HMP2_J00846_M_ST_T0_B0_0120_ZLGD9M0-07_HA986ADXX,HMP_2019_t2d,1,HMP2_J00846_M_ST_T0_B0_0120_ZLGD9M0-07_HA986ADXX
train,1118,MSM79H98,HMP_2019_ibdmdb,1,MSM79H98
train,1119,MG100133,HanniganGD_2017,1,MG100133
train,1120,SKST036_3_G103025,HallAB_2017,1,SKST036_3_G103025
train,1121,HMP2_J09150_M_ST_T0_B0_0120_ZLZNCLZ-1023_C93B2ANXX,HMP_2019_t2d,1,HMP2_J09150_M_ST_T0_B0_0120_ZLZNCLZ-1023_C93B2ANXX
train,1122,MSM79HCN_P,HMP_2019_ibdmdb,1,MSM79HCN_P
train,1123,MSM6J2QH,HMP_2019_ibdmdb,1,MSM6J2QH
train,1124,MSM9VZMA_TR,HMP_2019_ibdmdb,1,MSM9VZMA_TR
train,1125,MSM6J2MD,HMP_2019_ibdmdb,1,MSM6J2MD
train,1126,MSM9VZLF,HMP_2019_ibdmdb,1,MSM9VZLF
train,1127,MSMB4LZK,HMP_2019_ibdmdb,1,MSMB4LZK
train,1128,p8816_mo12,HallAB_2017,1,p8816_mo12
train,1129,HSM7J4NS,HMP_2019_ibdmdb,1,HSM7J4NS
train,1130,HSMA33QY,HMP_2019_ibdmdb,1,HSMA33QY
train,1131,MSM79H8N,HMP_2019_ibdmdb,1,MSM79H8N
train,1132,p9223_mo5,HallAB_2017,1,p9223_mo5
train,1133,PSM7J16W,HMP_2019_ibdmdb,1,PSM7J16W
train,1134,HSMA33R7,HMP_2019_ibdmdb,1,HSMA33R7
train,1135,HMP2_J00896_M_ST_T0_B0_0120_ZLZQMEV-01X_HA986ADXX,HMP_2019_t2d,1,HMP2_J00896_M_ST_T0_B0_0120_ZLZQMEV-01X_HA986ADXX
train,1136,MG100125,HanniganGD_2017,1,MG100125
train,1137,HSM7J4HE,HMP_2019_ibdmdb,1,HSM7J4HE
train,1138,HMP2_J15235_M_ST_T0_B0_0120_ZWCZHHY-02_BHLVVGADXX,HMP_2019_t2d,2,HMP2_J15235_M_ST_T0_B0_0120_ZWCZHHY-02_BHLVVGADXX;HMP2_J15235_M_ST_T0_B0_0120_ZWCZHHY-02_GES15-03631
train,1139,PSM6XBSI,HMP_2019_ibdmdb,1,PSM6XBSI
train,1140,HMP2_J00875_M_ST_T0_B0_0120_ZMBVNFM-01_HA986ADXX,HMP_2019_t2d,1,HMP2_J00875_M_ST_T0_B0_0120_ZMBVNFM-01_HA986ADXX
train,1141,p8646_mo7,HallAB_2017,1,p8646_mo7
train,1142,MSM9VZEW,HMP_2019_ibdmdb,1,MSM9VZEW
train,1143,MSM79HF1_P,HMP_2019_ibdmdb,1,MSM79HF1_P
train,1144,MSM6J2J1,HMP_2019_ibdmdb,1,MSM6J2J1
train,1145,MSMA2688,HMP_2019_ibdmdb,1,MSMA2688
train,1146,HSMA33IA,HMP_2019_ibdmdb,1,HSMA33IA
train,1147,PSMA266Q,HMP_2019_ibdmdb,1,PSMA266Q
train,1148,MSM6J2RO,HMP_2019_ibdmdb,1,MSM6J2RO
train,1149,PSMA267H,HMP_2019_ibdmdb,1,PSMA267H
train,1150,MSM5LLGN_P,HMP_2019_ibdmdb,1,MSM5LLGN_P
train,1151,p8775_mo7,HallAB_2017,1,p8775_mo7
train,1152,p8883_mo12,HallAB_2017,1,p8883_mo12
train,1153,HMP2_J43840_M_ST_T0_B0_0120_ZVBQY1N-6016_C93B2ANXX,HMP_2019_t2d,1,HMP2_J43840_M_ST_T0_B0_0120_ZVBQY1N-6016_C93B2ANXX
train,1154,p9061_mo1,HallAB_2017,1,p9061_mo1
train,1155,SKST041_1_G103005,HallAB_2017,1,SKST041_1_G103005
train,1156,MSM79H89,HMP_2019_ibdmdb,1,MSM79H89
train,1157,PSM6XBSC_P,HMP_2019_ibdmdb,1,PSM6XBSC_P
train,1158,HSM7CZ38,HMP_2019_ibdmdb,1,HSM7CZ38
train,1159,HSM7J4HK,HMP_2019_ibdmdb,1,HSM7J4HK
train,1160,HMP2_J00844_M_ST_T0_B0_0120_ZLYEM2C-1011_HA986ADXX,HMP_2019_t2d,1,HMP2_J00844_M_ST_T0_B0_0120_ZLYEM2C-1011_HA986ADXX
train,1161,PSM7J18Q,HMP_2019_ibdmdb,1,PSM7J18Q
train,1162,MSMAPC6O,HMP_2019_ibdmdb,1,MSMAPC6O
train,1163,PSMA266M,HMP_2019_ibdmdb,1,PSMA266M
train,1164,HMP2_J09152_M_ST_T0_B0_0120_ZYHHR4Z-01_C93B2ANXX,HMP_2019_t2d,1,HMP2_J09152_M_ST_T0_B0_0120_ZYHHR4Z-01_C93B2ANXX
train,1165,HSM7J4PS,HMP_2019_ibdmdb,1,HSM7J4PS
train,1166,HMP2_J08158_M_ST_T0_B0_0120_ZOZOW1T-6014_HCG2MBGXX_S11,HMP_2019_t2d,1,HMP2_J08158_M_ST_T0_B0_0120_ZOZOW1T-6014_HCG2MBGXX_S11
test,1,HMP2_J16530_M_ST_T0_B0_0120_ZWCZHHY-04_HK3LNBGXX_S1,HMP_2019_t2d,1,HMP2_J16530_M_ST_T0_B0_0120_ZWCZHHY-04_HK3LNBGXX_S1
test,2,HSM7CZ1E,HMP_2019_ibdmdb,1,HSM7CZ1E
test,3,p8775_mo12,HallAB_2017,1,p8775_mo12
test,4,HMP2_J16514_M_ST_T0_B0_0120_ZOZOW1T-71_HLH73BGXX_S9,HMP_2019_t2d,1,HMP2_J16514_M_ST_T0_B0_0120_ZOZOW1T-71_HLH73BGXX_S9
test,5,MSM5LLHQ_P,HMP_2019_ibdmdb,1,MSM5LLHQ_P
test,6,HSM6XRSG,HMP_2019_ibdmdb,1,HSM6XRSG
test,7,HMP2_J15243_M_ST_T0_B0_0120_ZVM4N7A-01_HMNVCBGXX_S19,HMP_2019_t2d,1,HMP2_J15243_M_ST_T0_B0_0120_ZVM4N7A-01_HMNVCBGXX_S19
test,8,HMP2_J00863_M_ST_T0_B0_0120_ZKVR426-1014_C8GAAANXX,HMP_2019_t2d,1,HMP2_J00863_M_ST_T0_B0_0120_ZKVR426-1014_C8GAAANXX
test,9,HSM7J4IP,HMP_2019_ibdmdb,1,HSM7J4IP
test,10,HMP2_J05447_M_ST_T0_B0_0120_ZK4CK8Y-01_HBB8WADXX,HMP_2019_t2d,1,HMP2_J05447_M_ST_T0_B0_0120_ZK4CK8Y-01_HBB8WADXX
test,11,PSMA269O,HMP_2019_ibdmdb,1,PSMA269O
test,12,HMP2_J16509_M_ST_T0_B0_0120_ZOZOW1T-64_HLH73BGXX_S4,HMP_2019_t2d,1,HMP2_J16509_M_ST_T0_B0_0120_ZOZOW1T-64_HLH73BGXX_S4
test,13,HMP2_J43837_M_ST_T0_B0_0120_ZVBQY1N-6013_C93B2ANXX,HMP_2019_t2d,1,HMP2_J43837_M_ST_T0_B0_0120_ZVBQY1N-6013_C93B2ANXX
test,14,HSM7J4HC,HMP_2019_ibdmdb,1,HSM7J4HC
test,15,p8600_mo12,HallAB_2017,1,p8600_mo12
test,16,MSM9VZLB,HMP_2019_ibdmdb,1,MSM9VZLB
test,17,p8748_mo5,HallAB_2017,1,p8748_mo5
test,18,HMP2_J00857_M_ST_T0_B0_0120_ZKVR426-02_HA986ADXX,HMP_2019_t2d,1,HMP2_J00857_M_ST_T0_B0_0120_ZKVR426-02_HA986ADXX
test,19,MSM6J2J3,HMP_2019_ibdmdb,1,MSM6J2J3
test,20,MSM9VZHP,HMP_2019_ibdmdb,1,MSM9VZHP
test,21,PSM7J1C2_P,HMP_2019_ibdmdb,1,PSM7J1C2_P
test,22,HSMA33ME,HMP_2019_ibdmdb,1,HSMA33ME
test,23,HMP2_J15235_M_ST_T0_B0_0120_ZWCZHHY-02_GES15-03631,HMP_2019_t2d,2,HMP2_J15235_M_ST_T0_B0_0120_ZWCZHHY-02_BHLVVGADXX;HMP2_J15235_M_ST_T0_B0_0120_ZWCZHHY-02_GES15-03631
test,24,p8646_mo1,HallAB_2017,1,p8646_mo1
test,25,PSM6XBV4,HMP_2019_ibdmdb,1,PSM6XBV4
test,26,HMP2_J08163_M_ST_T0_B0_0120_ZOZOW1T-6016_HCG2MBGXX_S16,HMP_2019_t2d,1,HMP2_J08163_M_ST_T0_B0_0120_ZOZOW1T-6016_HCG2MBGXX_S16
test,27,HMP2_J00877_M_ST_T0_B0_0120_ZMBVNFM-03_HA986ADXX,HMP_2019_t2d,1,HMP2_J00877_M_ST_T0_B0_0120_ZMBVNFM-03_HA986ADXX
test,28,HSM7CYXC,HMP_2019_ibdmdb,1,HSM7CYXC
test,29,HMP2_J00885_M_ST_T0_B0_0120_ZKFV71L-01_AC9387ANXX,HMP_2019_t2d,1,HMP2_J00885_M_ST_T0_B0_0120_ZKFV71L-01_AC9387ANXX
test,30,HMP2_J43842_M_ST_T0_B0_0120_ZTLUDS8-1015_C93B2ANXX,HMP_2019_t2d,1,HMP2_J43842_M_ST_T0_B0_0120_ZTLUDS8-1015_C93B2ANXX
test,31,MSMA26AZ_TR,HMP_2019_ibdmdb,1,MSMA26AZ_TR
test,32,PSM7J18K,HMP_2019_ibdmdb,1,PSM7J18K
test,33,MSM6J2LB,HMP_2019_ibdmdb,1,MSM6J2LB
test,34,MSMAPC6A,HMP_2019_ibdmdb,1,MSMAPC6A
test,35,MSM79HC4,HMP_2019_ibdmdb,1,MSM79HC4
test,36,p8748_mo8,HallAB_2017,1,p8748_mo8
test,37,HSM7J4NA,HMP_2019_ibdmdb,1,HSM7J4NA
test,38,HMP2_J00847_M_ST_T0_B0_0120_ZLGD9M0-1012_HA986ADXX,HMP_2019_t2d,1,HMP2_J00847_M_ST_T0_B0_0120_ZLGD9M0-1012_HA986ADXX
test,39,HSMA33KM,HMP_2019_ibdmdb,1,HSMA33KM
test,40,HMP2_J00832_M_ST_T0_B0_0120_ZMGT937-02_HA986ADXX,HMP_2019_t2d,1,HMP2_J00832_M_ST_T0_B0_0120_ZMGT937-02_HA986ADXX
test,41,p8649_mo9,HallAB_2017,1,p8649_mo9
test,42,PSM7J13Y_P,HMP_2019_ibdmdb,1,PSM7J13Y_P
test,43,HSM7CYYB,HMP_2019_ibdmdb,1,HSM7CYYB
test,44,HSM7J4QT,HMP_2019_ibdmdb,1,HSM7J4QT
test,45,HSMA33OR,HMP_2019_ibdmdb,1,HSMA33OR
test,46,HMP2_J43844_M_ST_T0_B0_0120_ZL9BTWF-1022_C93B2ANXX,HMP_2019_t2d,1,HMP2_J43844_M_ST_T0_B0_0120_ZL9BTWF-1022_C93B2ANXX
test,47,p8883_mo9,HallAB_2017,1,p8883_mo9
test,48,HSM6XRTM,HMP_2019_ibdmdb,1,HSM6XRTM
test,49,MSM5LLIS_P,HMP_2019_ibdmdb,1,MSM5LLIS_P
test,50,SKST012_1_G102974,HallAB_2017,1,SKST012_1_G102974
test,51,MSM9VZEU,HMP_2019_ibdmdb,1,MSM9VZEU
test,52,HMP2_J08162_M_ST_T0_B0_0120_ZOZOW1T-6015.2B_HCG2MBGXX_S15,HMP_2019_t2d,1,HMP2_J08162_M_ST_T0_B0_0120_ZOZOW1T-6015.2B_HCG2MBGXX_S15
test,53,PSMB4MBI,HMP_2019_ibdmdb,1,PSMB4MBI
test,54,HMP2_J15246_M_ST_T0_B0_0120_ZVGW5FI-02_GES15-03641,HMP_2019_t2d,2,HMP2_J15246_M_ST_T0_B0_0120_ZVGW5FI-02_BHLVVGADXX;HMP2_J15246_M_ST_T0_B0_0120_ZVGW5FI-02_GES15-03641
test,55,SKST023_3_G102941,HallAB_2017,1,SKST023_3_G102941
test,56,HSMA33JD,HMP_2019_ibdmdb,1,HSMA33JD
test,57,HMP2_J43815_M_ST_T0_B0_0120_ZYLJ7R7-06_C93B2ANXX,HMP_2019_t2d,1,HMP2_J43815_M_ST_T0_B0_0120_ZYLJ7R7-06_C93B2ANXX
test,58,p8646_mo10,HallAB_2017,1,p8646_mo10
test,59,HSM6XRTA_P,HMP_2019_ibdmdb,1,HSM6XRTA_P
test,60,SKST023_7_G103015,HallAB_2017,1,SKST023_7_G103015
test,61,HSM7CYZJ,HMP_2019_ibdmdb,1,HSM7CYZJ
test,62,HSMA33O1,HMP_2019_ibdmdb,1,HSMA33O1
test,63,HMP2_J43834_M_ST_T0_B0_0120_ZVBQY1N-1025_C93B2ANXX,HMP_2019_t2d,1,HMP2_J43834_M_ST_T0_B0_0120_ZVBQY1N-1025_C93B2ANXX
test,64,MSM79H5K,HMP_2019_ibdmdb,1,MSM79H5K
test,65,HMP2_J00881_M_ST_T0_B0_0120_ZMBH10Z-03_C8GAAANXX,HMP_2019_t2d,1,HMP2_J00881_M_ST_T0_B0_0120_ZMBH10Z-03_C8GAAANXX
test,66,PSM7J154,HMP_2019_ibdmdb,1,PSM7J154
test,67,MSM79HBX_P,HMP_2019_ibdmdb,1,MSM79HBX_P
test,68,HMP2_J00860_M_ST_T0_B0_0120_ZKVR426-06_C8GAAANXX,HMP_2019_t2d,1,HMP2_J00860_M_ST_T0_B0_0120_ZKVR426-06_C8GAAANXX
test,69,HMP2_J00851_M_ST_T0_B0_0120_ZL9BTWF-04_HA986ADXX,HMP_2019_t2d,1,HMP2_J00851_M_ST_T0_B0_0120_ZL9BTWF-04_HA986ADXX
test,70,MSM6J2RC,HMP_2019_ibdmdb,1,MSM6J2RC
test,71,MSM5LLDU,HMP_2019_ibdmdb,1,MSM5LLDU
test,72,MSM9VZMO,HMP_2019_ibdmdb,1,MSM9VZMO
test,73,PSM7J179,HMP_2019_ibdmdb,1,PSM7J179
test,74,PSMA265J_TR,HMP_2019_ibdmdb,2,PSMA265J_TR;PSMA265J
test,75,HSM7CZ28,HMP_2019_ibdmdb,1,HSM7CZ28
test,76,MSMAPC6E,HMP_2019_ibdmdb,1,MSMAPC6E
test,77,MSMB4LZ4,HMP_2019_ibdmdb,1,MSMB4LZ4
test,78,MG100146,HanniganGD_2017,1,MG100146
test,79,HMP2_J00879_M_ST_T0_B0_0120_ZMBH10Z-01_HA986ADXX,HMP_2019_t2d,1,HMP2_J00879_M_ST_T0_B0_0120_ZMBH10Z-01_HA986ADXX
test,80,PSM6XBSA,HMP_2019_ibdmdb,1,PSM6XBSA
test,81,PSM6XBT5,HMP_2019_ibdmdb,1,PSM6XBT5
test,82,HSM67VIL,HMP_2019_ibdmdb,1,HSM67VIL
test,83,HMP2_J15244_M_ST_T0_B0_0120_ZVM4N7A-02_GES15-03639,HMP_2019_t2d,2,HMP2_J15244_M_ST_T0_B0_0120_ZVM4N7A-02_BHLVVGADXX;HMP2_J15244_M_ST_T0_B0_0120_ZVM4N7A-02_GES15-03639
test,84,HSMA33IG,HMP_2019_ibdmdb,1,HSMA33IG
test,85,MSM9VZJ3,HMP_2019_ibdmdb,1,MSM9VZJ3
test,86,MSM9VZEM,HMP_2019_ibdmdb,1,MSM9VZEM
test,87,PSM7J16B,HMP_2019_ibdmdb,1,PSM7J16B
test,88,HMP2_J16513_M_ST_T0_B0_0120_ZOZOW1T-70_HLH73BGXX_S8,HMP_2019_t2d,1,HMP2_J16513_M_ST_T0_B0_0120_ZOZOW1T-70_HLH73BGXX_S8
test,89,MG100131,HanniganGD_2017,1,MG100131
test,90,HSMA33MV,HMP_2019_ibdmdb,1,HSMA33MV
test,91,HSM7CZ16,HMP_2019_ibdmdb,1,HSM7CZ16
test,92,HSM67VHF,HMP_2019_ibdmdb,1,HSM67VHF
test,93,HSMA33JR,HMP_2019_ibdmdb,1,HSMA33JR
test,94,p8585_mo1,HallAB_2017,1,p8585_mo1
test,95,MG100127,HanniganGD_2017,1,MG100127
test,96,HMP2_J00876_M_ST_T0_B0_0120_ZMBVNFM-02_HA986ADXX,HMP_2019_t2d,1,HMP2_J00876_M_ST_T0_B0_0120_ZMBVNFM-02_HA986ADXX
test,97,HMP2_J08154_M_ST_T0_B0_0120_ZOZOW1T-6012.1_HCG2MBGXX_S7,HMP_2019_t2d,1,HMP2_J08154_M_ST_T0_B0_0120_ZOZOW1T-6012.1_HCG2MBGXX_S7
test,98,PSM7J1A6,HMP_2019_ibdmdb,1,PSM7J1A6
test,99,PSM7J1AQ,HMP_2019_ibdmdb,1,PSM7J1AQ
test,100,MSM9VZGY,HMP_2019_ibdmdb,1,MSM9VZGY
test,101,HSMA33OJ,HMP_2019_ibdmdb,1,HSMA33OJ
test,102,HSM6XRTC_P,HMP_2019_ibdmdb,1,HSM6XRTC_P
test,103,MSM5LLI8_P,HMP_2019_ibdmdb,1,MSM5LLI8_P
test,104,HMP2_J15240_M_ST_T0_B0_0120_ZYXQKWY-01_GES15-03636,HMP_2019_t2d,2,HMP2_J15240_M_ST_T0_B0_0120_ZYXQKWY-01_BHLVVGADXX;HMP2_J15240_M_ST_T0_B0_0120_ZYXQKWY-01_GES15-03636
test,105,SKST010_3_G102970,HallAB_2017,1,SKST010_3_G102970
test,106,HSM7J4OX,HMP_2019_ibdmdb,1,HSM7J4OX
test,107,HMP2_J43810_M_ST_T0_B0_0120_ZLZNCLZ-1036_C93B2ANXX,HMP_2019_t2d,1,HMP2_J43810_M_ST_T0_B0_0120_ZLZNCLZ-1036_C93B2ANXX
test,108,HSM7CYZT,HMP_2019_ibdmdb,1,HSM7CYZT
test,109,HMP2_J15232_M_ST_T0_B0_0120_ZY7IW45-03_GES15-03628,HMP_2019_t2d,2,HMP2_J15232_M_ST_T0_B0_0120_ZY7IW45-03_BHLVVGADXX;HMP2_J15232_M_ST_T0_B0_0120_ZY7IW45-03_GES15-03628
test,110,p8748_mo10,HallAB_2017,1,p8748_mo10
test,111,HSM7J4PU,HMP_2019_ibdmdb,1,HSM7J4PU
test,112,MSMA26AX,HMP_2019_ibdmdb,1,MSMA26AX
test,113,MSMA26BH,HMP_2019_ibdmdb,1,MSMA26BH
test,114,MSM79HC8,HMP_2019_ibdmdb,1,MSM79HC8
test,115,HMP2_J43822_M_ST_T0_B0_0120_ZX52KVK-1034_C93B2ANXX,HMP_2019_t2d,1,HMP2_J43822_M_ST_T0_B0_0120_ZX52KVK-1034_C93B2ANXX
test,116,HMP2_J00894_M_ST_T0_B0_0120_ZN9YTFN-1015X_HA986ADXX,HMP_2019_t2d,1,HMP2_J00894_M_ST_T0_B0_0120_ZN9YTFN-1015X_HA986ADXX
test,117,SKST006_3_G102961,HallAB_2017,1,SKST006_3_G102961
test,118,MSM9VZNH_TR,HMP_2019_ibdmdb,1,MSM9VZNH_TR
test,119,HSM7J4JN,HMP_2019_ibdmdb,1,HSM7J4JN
test,120,HSM6XRUV,HMP_2019_ibdmdb,1,HSM6XRUV
test,121,HSMA33OL,HMP_2019_ibdmdb,1,HSMA33OL
test,122,MSM6J2JT,HMP_2019_ibdmdb,1,MSM6J2JT
test,123,HSMA33RD,HMP_2019_ibdmdb,1,HSMA33RD
test,124,HSMA33J1_P,HMP_2019_ibdmdb,1,HSMA33J1_P
test,125,PSM7J17F,HMP_2019_ibdmdb,1,PSM7J17F
test,126,PSM6XBTN_P,HMP_2019_ibdmdb,1,PSM6XBTN_P
test,127,PSM7J13E,HMP_2019_ibdmdb,1,PSM7J13E
test,128,HMP2_J43843_M_ST_T0_B0_0120_ZTLUDS8-1013-AL1_C93B2ANXX,HMP_2019_t2d,1,HMP2_J43843_M_ST_T0_B0_0120_ZTLUDS8-1013-AL1_C93B2ANXX
test,129,MSMA26AP,HMP_2019_ibdmdb,1,MSMA26AP
test,130,HSM7CZ18,HMP_2019_ibdmdb,1,HSM7CZ18
test,131,PSM7J16F,HMP_2019_ibdmdb,1,PSM7J16F
test,132,PSM6XBVM,HMP_2019_ibdmdb,1,PSM6XBVM
test,133,HMP2_J05437_M_ST_T0_B0_0120_ZL9BTWF-07_H15WVBG,HMP_2019_t2d,1,HMP2_J05437_M_ST_T0_B0_0120_ZL9BTWF-07_H15WVBG
test,134,HSM6XRR5,HMP_2019_ibdmdb,1,HSM6XRR5
test,135,HMP2_J08167_M_ST_T0_B0_0120_ZVNCGHM-02_HCG2MBGXX_S20,HMP_2019_t2d,1,HMP2_J08167_M_ST_T0_B0_0120_ZVNCGHM-02_HCG2MBGXX_S20
test,136,SKST041_2_G103027,HallAB_2017,1,SKST041_2_G103027
test,137,PSM6XBUK,HMP_2019_ibdmdb,1,PSM6XBUK
test,138,p9223_mo4,HallAB_2017,1,p9223_mo4
test,139,PSM6XBTL,HMP_2019_ibdmdb,1,PSM6XBTL
test,140,PSM7J1DF,HMP_2019_ibdmdb,1,PSM7J1DF
test,141,MSM9VZIY,HMP_2019_ibdmdb,1,MSM9VZIY
test,142,MSM79H9A,HMP_2019_ibdmdb,1,MSM79H9A
test,143,PSM7J14R,HMP_2019_ibdmdb,1,PSM7J14R
test,144,MSMA26EN,HMP_2019_ibdmdb,1,MSMA26EN
test,145,HSM7CYY5,HMP_2019_ibdmdb,1,HSM7CYY5
test,146,HMP2_J16527_M_ST_T0_B0_0120_ZOZOW1T-2001_HLH73BGXX_S22,HMP_2019_t2d,1,HMP2_J16527_M_ST_T0_B0_0120_ZOZOW1T-2001_HLH73BGXX_S22
test,147,MSM79H7G,HMP_2019_ibdmdb,1,MSM79H7G
test,148,MSMAPC7T,HMP_2019_ibdmdb,1,MSMAPC7T
test,149,HSM7J4K8,HMP_2019_ibdmdb,1,HSM7J4K8
test,150,MSM9VZF5,HMP_2019_ibdmdb,1,MSM9VZF5
test,151,HMP2_J43809_M_ST_T0_B0_0120_ZLZNCLZ-1035_C93B2ANXX,HMP_2019_t2d,1,HMP2_J43809_M_ST_T0_B0_0120_ZLZNCLZ-1035_C93B2ANXX
test,152,HSM7J4JF,HMP_2019_ibdmdb,1,HSM7J4JF
test,153,MSMAPC6K,HMP_2019_ibdmdb,1,MSMAPC6K
test,154,MSM6J2LN,HMP_2019_ibdmdb,1,MSM6J2LN
test,155,MSM79HA7,HMP_2019_ibdmdb,1,MSM79HA7
test,156,MSM9VZNX,HMP_2019_ibdmdb,1,MSM9VZNX
test,157,MSM9VZMM,HMP_2019_ibdmdb,1,MSM9VZMM
test,158,SKST010_4_G102956,HallAB_2017,1,SKST010_4_G102956
test,159,HMP2_J43823_M_ST_T0_B0_0120_ZX52KVK-1021_C93B2ANXX,HMP_2019_t2d,1,HMP2_J43823_M_ST_T0_B0_0120_ZX52KVK-1021_C93B2ANXX
test,160,PSMA26A1,HMP_2019_ibdmdb,1,PSMA26A1
test,161,PSM6XBS4,HMP_2019_ibdmdb,1,PSM6XBS4
test,162,p8816_mo3,HallAB_2017,1,p8816_mo3
test,163,HMP2_J08159_M_ST_T0_B0_0120_ZOZOW1T-6015_HCG2MBGXX_S12,HMP_2019_t2d,1,HMP2_J08159_M_ST_T0_B0_0120_ZOZOW1T-6015_HCG2MBGXX_S12
test,164,MSM9VZPN,HMP_2019_ibdmdb,1,MSM9VZPN
test,165,HSM7CYYH,HMP_2019_ibdmdb,1,HSM7CYYH
test,166,PSM6XBTT,HMP_2019_ibdmdb,1,PSM6XBTT
test,167,PSM6XBUQ,HMP_2019_ibdmdb,1,PSM6XBUQ
test,168,PSM7J171,HMP_2019_ibdmdb,1,PSM7J171
test,169,MSM6J2JB,HMP_2019_ibdmdb,1,MSM6J2JB
test,170,HMP2_J16511_M_ST_T0_B0_0120_ZOZOW1T-66_HLH73BGXX_S6,HMP_2019_t2d,1,HMP2_J16511_M_ST_T0_B0_0120_ZOZOW1T-66_HLH73BGXX_S6
test,171,MSM6J2JZ,HMP_2019_ibdmdb,1,MSM6J2JZ
test,172,HMP2_J00856_M_ST_T0_B0_0120_ZKVR426-01_C8GAAANXX,HMP_2019_t2d,1,HMP2_J00856_M_ST_T0_B0_0120_ZKVR426-01_C8GAAANXX
test,173,MSMAPC5B,HMP_2019_ibdmdb,1,MSMAPC5B
test,174,HSM6XRV6,HMP_2019_ibdmdb,1,HSM6XRV6
test,175,MSM9VZOO,HMP_2019_ibdmdb,1,MSM9VZOO
test,176,HMP2_J43826_M_ST_T0_B0_0120_ZX52KVK-1033_C93B2ANXX,HMP_2019_t2d,1,HMP2_J43826_M_ST_T0_B0_0120_ZX52KVK-1033_C93B2ANXX
test,177,PSMA2653,HMP_2019_ibdmdb,1,PSMA2653
test,178,PSM6XBUO,HMP_2019_ibdmdb,1,PSM6XBUO
test,179,p8808_mo10,HallAB_2017,1,p8808_mo10
test,180,HSM6XRTS,HMP_2019_ibdmdb,1,HSM6XRTS
test,181,HSM7J4HG,HMP_2019_ibdmdb,1,HSM7J4HG
test,182,MSM7J16N,HMP_2019_ibdmdb,1,MSM7J16N
test,183,HMP2_J43839_M_ST_T0_B0_0120_ZVBQY1N-6015_C93B2ANXX,HMP_2019_t2d,1,HMP2_J43839_M_ST_T0_B0_0120_ZVBQY1N-6015_C93B2ANXX
test,184,MSM79H8J_P,HMP_2019_ibdmdb,1,MSM79H8J_P
test,185,MG100126,HanniganGD_2017,1,MG100126
test,186,MSM6J2PK,HMP_2019_ibdmdb,1,MSM6J2PK
test,187,HSM7J4MA,HMP_2019_ibdmdb,1,HSM7J4MA
test,188,PSM7J16H,HMP_2019_ibdmdb,1,PSM7J16H
test,189,HMP2_J16510_M_ST_T0_B0_0120_ZOZOW1T-65_HLH73BGXX_S5,HMP_2019_t2d,1,HMP2_J16510_M_ST_T0_B0_0120_ZOZOW1T-65_HLH73BGXX_S5
test,190,MSM79H9M,HMP_2019_ibdmdb,1,MSM79H9M
test,191,MSM79HDE,HMP_2019_ibdmdb,1,MSM79HDE
test,192,HSM7J4IQ,HMP_2019_ibdmdb,1,HSM7J4IQ
test,193,HSM7J4LP,HMP_2019_ibdmdb,1,HSM7J4LP
test,194,MSM9VZGO,HMP_2019_ibdmdb,1,MSM9VZGO
test,195,HSM7J4PK,HMP_2019_ibdmdb,1,HSM7J4PK
test,196,MSM79H5A,HMP_2019_ibdmdb,1,MSM79H5A
test,197,HSM7CZ1Z,HMP_2019_ibdmdb,1,HSM7CZ1Z
test,198,HMP2_J00875_M_ST_T0_B0_0120_ZMBVNFM-01_C8GAAANXX,HMP_2019_t2d,1,HMP2_J00875_M_ST_T0_B0_0120_ZMBVNFM-01_C8GAAANXX
test,199,MSMAPC64,HMP_2019_ibdmdb,1,MSMAPC64
test,200,MSM9VZFH,HMP_2019_ibdmdb,1,MSM9VZFH
test,201,MSM9VZMS,HMP_2019_ibdmdb,1,MSM9VZMS
test,202,HMP2_J09153_M_ST_T0_B0_0120_ZYHHR4Z-02_C93B2ANXX_J43964,HMP_2019_t2d,1,HMP2_J09153_M_ST_T0_B0_0120_ZYHHR4Z-02_C93B2ANXX_J43964
test,203,HMP2_J43817_M_ST_T0_B0_0120_ZYLJ7R7-4012_C93B2ANXX,HMP_2019_t2d,1,HMP2_J43817_M_ST_T0_B0_0120_ZYLJ7R7-4012_C93B2ANXX
test,204,HSM7CYWS_P,HMP_2019_ibdmdb,1,HSM7CYWS_P
test,205,HMP2_J43818_M_ST_T0_B0_0120_ZYLJ7R7-4013_C93B2ANXX,HMP_2019_t2d,1,HMP2_J43818_M_ST_T0_B0_0120_ZYLJ7R7-4013_C93B2ANXX
test,206,HSMA33J3,HMP_2019_ibdmdb,1,HSMA33J3
test,207,PSM6XBSE_P,HMP_2019_ibdmdb,1,PSM6XBSE_P
test,208,MSM9VZLH,HMP_2019_ibdmdb,1,MSM9VZLH
test,209,MSM9VZLJ,HMP_2019_ibdmdb,1,MSM9VZLJ
test,210,MG100161,HanniganGD_2017,1,MG100161
test,211,MSM6J2PM,HMP_2019_ibdmdb,1,MSM6J2PM
test,212,HMP2_J00883_M_ST_T0_B0_0120_ZM7JY3G-02_HA986ADXX,HMP_2019_t2d,1,HMP2_J00883_M_ST_T0_B0_0120_ZM7JY3G-02_HA986ADXX
test,213,HSM7CYY3,HMP_2019_ibdmdb,1,HSM7CYY3
test,214,SKST023_5_G103007,HallAB_2017,1,SKST023_5_G103007
test,215,MSMA26BT,HMP_2019_ibdmdb,1,MSMA26BT
test,216,PSM7J18M,HMP_2019_ibdmdb,1,PSM7J18M
test,217,SKST032_1_G102943,HallAB_2017,1,SKST032_1_G102943
test,218,HMP2_J00885_M_ST_T0_B0_0120_ZKFV71L-01_C8GAAANXX,HMP_2019_t2d,1,HMP2_J00885_M_ST_T0_B0_0120_ZKFV71L-01_C8GAAANXX
test,219,HMP2_J15241_M_ST_T0_B0_0120_ZYXQKWY-02_GES15-03637,HMP_2019_t2d,2,HMP2_J15241_M_ST_T0_B0_0120_ZYXQKWY-02_BHLVVGADXX;HMP2_J15241_M_ST_T0_B0_0120_ZYXQKWY-02_GES15-03637
test,220,HMP2_J43820_M_ST_T0_B0_0120_ZYHHR4Z-06_C93B2ANXX,HMP_2019_t2d,1,HMP2_J43820_M_ST_T0_B0_0120_ZYHHR4Z-06_C93B2ANXX
test,221,PSM6XBSK,HMP_2019_ibdmdb,1,PSM6XBSK
test,222,HMP2_J09133_M_ST_T0_B0_0120_ZMGT937-1012_C93B2ANXX,HMP_2019_t2d,1,HMP2_J09133_M_ST_T0_B0_0120_ZMGT937-1012_C93B2ANXX
test,223,HSMA33JZ,HMP_2019_ibdmdb,1,HSMA33JZ
test,224,HMP2_J15237_M_ST_T0_B0_0120_ZW61YGW-01_C8GAAANXX,HMP_2019_t2d,1,HMP2_J15237_M_ST_T0_B0_0120_ZW61YGW-01_C8GAAANXX
test,225,p8646_mo5,HallAB_2017,1,p8646_mo5
test,226,HSM7J4KI,HMP_2019_ibdmdb,1,HSM7J4KI
test,227,HSMA33NA,HMP_2019_ibdmdb,1,HSMA33NA
test,228,p8585_mo9,HallAB_2017,1,p8585_mo9
test,229,PSMB4MC1,HMP_2019_ibdmdb,1,PSMB4MC1
test,230,HMP2_J15245_M_ST_T0_B0_0120_ZVGW5FI-01_GES15-03640,HMP_2019_t2d,2,HMP2_J15245_M_ST_T0_B0_0120_ZVGW5FI-01_BHLVVGADXX;HMP2_J15245_M_ST_T0_B0_0120_ZVGW5FI-01_GES15-03640
test,231,p8600_mo9,HallAB_2017,1,p8600_mo9
test,232,MSM79HDU,HMP_2019_ibdmdb,1,MSM79HDU
test,233,HSM7CZ2A,HMP_2019_ibdmdb,1,HSM7CZ2A
test,234,HMP2_J15236_M_ST_T0_B0_0120_ZWCZHHY-03_GES15-03632,HMP_2019_t2d,2,HMP2_J15236_M_ST_T0_B0_0120_ZWCZHHY-03_BHLVVGADXX;HMP2_J15236_M_ST_T0_B0_0120_ZWCZHHY-03_GES15-03632
test,235,PSM6XBUM,HMP_2019_ibdmdb,1,PSM6XBUM
test,236,SKST041_3_G103028,HallAB_2017,1,SKST041_3_G103028
test,237,HSM7J4N4,HMP_2019_ibdmdb,1,HSM7J4N4
test,238,HMP2_J00877_M_ST_T0_B0_0120_ZMBVNFM-03_C8GAAANXX,HMP_2019_t2d,1,HMP2_J00877_M_ST_T0_B0_0120_ZMBVNFM-03_C8GAAANXX
test,239,HSM6XRTG_P,HMP_2019_ibdmdb,1,HSM6XRTG_P
test,240,HSM7J4L5,HMP_2019_ibdmdb,1,HSM7J4L5
test,241,HMP2_J00864_M_ST_T0_B0_0120_ZKVR426-1015_HA986ADXX,HMP_2019_t2d,1,HMP2_J00864_M_ST_T0_B0_0120_ZKVR426-1015_HA986ADXX
test,242,MSM6J2HD,HMP_2019_ibdmdb,1,MSM6J2HD
test,243,SKST024_1_G102982,HallAB_2017,1,SKST024_1_G102982
test,244,HSMA33P2_P,HMP_2019_ibdmdb,1,HSMA33P2_P
test,245,p8748_mo7,HallAB_2017,1,p8748_mo7
test,246,HMP2_J15233_M_ST_T0_B0_0120_ZY7IW45-04_GES15-03629,HMP_2019_t2d,2,HMP2_J15233_M_ST_T0_B0_0120_ZY7IW45-04_BHLVVGADXX;HMP2_J15233_M_ST_T0_B0_0120_ZY7IW45-04_GES15-03629
test,247,PSM6XBQU,HMP_2019_ibdmdb,1,PSM6XBQU
test,248,p8582_mo8,HallAB_2017,1,p8582_mo8
test,249,p9193_mo7,HallAB_2017,1,p9193_mo7
test,250,MSMB4LYH,HMP_2019_ibdmdb,1,MSMB4LYH
test,251,MSM6J2HJ,HMP_2019_ibdmdb,1,MSM6J2HJ
test,252,HSM7CZ3G,HMP_2019_ibdmdb,1,HSM7CZ3G
test,253,HMP2_J09111_M_ST_T0_B0_0120_ZKFV71L-05X_C8GAAANXX,HMP_2019_t2d,1,HMP2_J09111_M_ST_T0_B0_0120_ZKFV71L-05X_C8GAAANXX
test,254,HSM7J4MS,HMP_2019_ibdmdb,1,HSM7J4MS
test,255,PSM7J1CI,HMP_2019_ibdmdb,1,PSM7J1CI
test,256,p8649_mo7,HallAB_2017,1,p8649_mo7
test,257,p8646_mo6,HallAB_2017,1,p8646_mo6
test,258,HSM7CYXE,HMP_2019_ibdmdb,1,HSM7CYXE
test,259,MSM5LLDE,HMP_2019_ibdmdb,1,MSM5LLDE
test,260,MSM79HA1,HMP_2019_ibdmdb,1,MSM79HA1
test,261,SKST007_6_G102995,HallAB_2017,1,SKST007_6_G102995
test,262,PSM7J1BF,HMP_2019_ibdmdb,1,PSM7J1BF
test,263,HMP2_J00861_M_ST_T0_B0_0120_ZKVR426-1012_AC9387ANXX,HMP_2019_t2d,1,HMP2_J00861_M_ST_T0_B0_0120_ZKVR426-1012_AC9387ANXX
test,264,MSM9VZEY,HMP_2019_ibdmdb,1,MSM9VZEY
test,265,MG100150,HanniganGD_2017,1,MG100150
test,266,p9281_mo4,HallAB_2017,1,p9281_mo4
test,267,HMP2_J08171_M_ST_T0_B0_0120_ZVNCGHM-6015_HCG2MBGXX_S24,HMP_2019_t2d,1,HMP2_J08171_M_ST_T0_B0_0120_ZVNCGHM-6015_HCG2MBGXX_S24
test,268,MSM79HDC,HMP_2019_ibdmdb,1,MSM79HDC
test,269,p8646_mo2,HallAB_2017,1,p8646_mo2
test,270,HSMA33PX,HMP_2019_ibdmdb,1,HSMA33PX
test,271,HMP2_J15231_M_ST_T0_B0_0120_ZY7IW45-02_GES15-03627,HMP_2019_t2d,2,HMP2_J15231_M_ST_T0_B0_0120_ZY7IW45-02_BHLVVGADXX;HMP2_J15231_M_ST_T0_B0_0120_ZY7IW45-02_GES15-03627
test,272,HSM67VI5,HMP_2019_ibdmdb,1,HSM67VI5
test,273,MSM5LLFK_P,HMP_2019_ibdmdb,1,MSM5LLFK_P
test,274,HSM6XRVU,HMP_2019_ibdmdb,1,HSM6XRVU
test,275,MSM6J2JF_P,HMP_2019_ibdmdb,1,MSM6J2JF_P
test,276,MSM6J2LT,HMP_2019_ibdmdb,1,MSM6J2LT
test,277,p8582_mo11,HallAB_2017,1,p8582_mo11
test,278,HMP2_J00881_M_ST_T0_B0_0120_ZMBH10Z-03_HA986ADXX,HMP_2019_t2d,1,HMP2_J00881_M_ST_T0_B0_0120_ZMBH10Z-03_HA986ADXX
test,279,MG100134,HanniganGD_2017,1,MG100134
test,280,HSM7J4IW,HMP_2019_ibdmdb,1,HSM7J4IW
test,281,HSM6XRT8,HMP_2019_ibdmdb,1,HSM6XRT8
test,282,MSM7J16R,HMP_2019_ibdmdb,1,MSM7J16R
test,283,HSM7CYZ5,HMP_2019_ibdmdb,1,HSM7CYZ5
test,284,HMP2_J09104_M_ST_T0_B0_0120_ZM7JY3G-05_C8GAAANXX,HMP_2019_t2d,1,HMP2_J09104_M_ST_T0_B0_0120_ZM7JY3G-05_C8GAAANXX
test,285,HMP2_J00835_M_ST_T0_B0_0120_ZLZQMEV-01_HA986ADXX,HMP_2019_t2d,1,HMP2_J00835_M_ST_T0_B0_0120_ZLZQMEV-01_HA986ADXX
test,286,MSM9VZIW,HMP_2019_ibdmdb,1,MSM9VZIW
test,287,MSM79H63,HMP_2019_ibdmdb,1,MSM79H63
test,288,HSMA33M8,HMP_2019_ibdmdb,1,HSMA33M8
test,289,SKST027_1_G102984,HallAB_2017,1,SKST027_1_G102984
test,290,HSM7CZ3C,HMP_2019_ibdmdb,1,HSM7CZ3C
test,291,PSMA265J,HMP_2019_ibdmdb,2,PSMA265J_TR;PSMA265J
test,292,p8649_mo4,HallAB_2017,1,p8649_mo4
