"test_row","test_fold","posterior_mean","ci_lower_025","ci_upper_975","covers_zero","interval_class","rank","interval_width"
214,0,-0.0471100131571615,-0.302928668317612,0.172623826368594,TRUE,"covers_zero",1,0.475552494686206
233,1,-0.0443076162677397,-0.238129567896916,0.152632945726486,TRUE,"covers_zero",2,0.390762513623402
252,1,-0.0440721238581366,-0.252451434320698,0.145471009617064,TRUE,"covers_zero",3,0.397922443937762
71,0,-0.0439274285870966,-0.306258225167094,0.217144233813618,TRUE,"covers_zero",4,0.523402458980712
255,1,-0.0438438314542688,-0.243977302534912,0.131155179383941,TRUE,"covers_zero",5,0.375132481918853
111,1,-0.0434951414669727,-0.270014468764647,0.181557631938985,TRUE,"covers_zero",6,0.451572100703632
109,0,-0.0433268358998095,-0.242812093242695,0.154594467403618,TRUE,"covers_zero",7,0.397406560646313
166,1,-0.0430636528210568,-0.269536297586793,0.177656476831101,TRUE,"covers_zero",8,0.447192774417894
1,0,-0.0424267150889005,-0.299751951525707,0.180259186593436,TRUE,"covers_zero",9,0.480011138119143
240,1,-0.0423562793438604,-0.305465119688933,0.192388079568769,TRUE,"covers_zero",10,0.497853199257702
103,1,-0.0422787161559001,-0.311997460589,0.182023969822758,TRUE,"covers_zero",11,0.494021430411758
9,0,-0.0417476467347886,-0.260522962006705,0.163910210246935,TRUE,"covers_zero",12,0.42443317225364
215,1,-0.0414265273526722,-0.241086379492685,0.127488885886446,TRUE,"covers_zero",13,0.368575265379131
258,1,-0.0413325960730812,-0.278689488914605,0.186147056427656,TRUE,"covers_zero",14,0.464836545342261
75,0,-0.0411710163284474,-0.241289392727461,0.146206327212345,TRUE,"covers_zero",15,0.387495719939806
287,0,-0.0399077937056245,-0.241150003674949,0.145184441053274,TRUE,"covers_zero",16,0.386334444728223
133,0,-0.0383589006780089,-0.252031053226783,0.179826614050423,TRUE,"covers_zero",17,0.431857667277206
120,0,-0.0381580045528655,-0.267253883945545,0.180732573419867,TRUE,"covers_zero",18,0.447986457365412
243,0,-0.0378530237544983,-0.240061691187826,0.147772296703129,TRUE,"covers_zero",19,0.387833987890955
147,1,-0.037638617161082,-0.266486947867009,0.158211687298196,TRUE,"covers_zero",20,0.424698635165205
86,1,-0.0374035918216442,-0.26790658868354,0.173293261525804,TRUE,"covers_zero",21,0.441199850209344
213,0,-0.0370505005087788,-0.283057046919236,0.168819413265516,TRUE,"covers_zero",22,0.451876460184752
22,1,-0.0367161552229593,-0.274673266381694,0.177368069515636,TRUE,"covers_zero",23,0.45204133589733
62,1,-0.0364509948641469,-0.271394886155195,0.17054831374237,TRUE,"covers_zero",24,0.441943199897565
229,0,-0.0359750415956651,-0.239622337714385,0.168885193332401,TRUE,"covers_zero",25,0.408507531046786
33,0,-0.0356522032409192,-0.2956754015489,0.176451016842287,TRUE,"covers_zero",26,0.472126418391187
145,0,-0.0350184393596249,-0.264158001693434,0.169151565366182,TRUE,"covers_zero",27,0.433309567059616
204,1,-0.0348818219603998,-0.241926547502923,0.176284651308892,TRUE,"covers_zero",28,0.418211198811815
140,0,-0.0341307132515769,-0.260111623844274,0.161886362887105,TRUE,"covers_zero",29,0.421997986731379
148,1,-0.0337695877196312,-0.271623841597337,0.151522706274221,TRUE,"covers_zero",30,0.423146547871558
23,1,-0.0337215955750752,-0.268831780740883,0.19015358889822,TRUE,"covers_zero",31,0.458985369639103
5,1,-0.0332957021202079,-0.307766372784156,0.19283265230648,TRUE,"covers_zero",32,0.500599025090636
152,1,-0.0332202476122422,-0.242678014554014,0.172898086196333,TRUE,"covers_zero",33,0.415576100750347
169,0,-0.0332070924126047,-0.265804515180319,0.190047250413776,TRUE,"covers_zero",34,0.455851765594095
232,1,-0.0327440539244571,-0.226275279809402,0.148782692787814,TRUE,"covers_zero",35,0.375057972597216
197,1,-0.0321529238383084,-0.253002120193866,0.161607547184667,TRUE,"covers_zero",36,0.414609667378533
172,1,-0.0316117540699564,-0.210690927674878,0.126836662806174,TRUE,"covers_zero",37,0.337527590481052
92,0,-0.0312648727606544,-0.268300370712254,0.18105921291836,TRUE,"covers_zero",38,0.449359583630614
81,1,-0.0312236802863378,-0.270559049801873,0.18634051327183,TRUE,"covers_zero",39,0.456899563073703
230,0,-0.0311795040236005,-0.280334745701872,0.198334521728231,TRUE,"covers_zero",40,0.478669267430103
56,0,-0.0310667966291937,-0.24446793134561,0.165403527899816,TRUE,"covers_zero",41,0.409871459245426
272,1,-0.0307216227416155,-0.254997572650272,0.166250278985538,TRUE,"covers_zero",42,0.42124785163581
117,0,-0.0305956599868169,-0.250331593454146,0.184730404511913,TRUE,"covers_zero",43,0.435061997966059
274,1,-0.0302369199829279,-0.240095244454057,0.17224137989762,TRUE,"covers_zero",44,0.412336624351677
8,1,-0.0293266908167699,-0.233824610301039,0.156723162309677,TRUE,"covers_zero",45,0.390547772610716
227,0,-0.0289838089621908,-0.221398331427494,0.151221195575913,TRUE,"covers_zero",46,0.372619527003407
157,1,-0.0288987577971367,-0.242457639082302,0.204652844522412,TRUE,"covers_zero",47,0.447110483604714
242,0,-0.0287692240925288,-0.253955301376352,0.182281793782289,TRUE,"covers_zero",48,0.436237095158641
68,0,-0.0284829005493782,-0.23723680941095,0.159061389420571,TRUE,"covers_zero",49,0.396298198831521
246,0,-0.028377340020212,-0.23408630571133,0.163320044233921,TRUE,"covers_zero",50,0.397406349945251
186,0,-0.0283661473251138,-0.282964891158034,0.20498650379726,TRUE,"covers_zero",51,0.487951394955294
44,0,-0.0268660140284903,-0.231166201509824,0.181450667179987,TRUE,"covers_zero",52,0.412616868689811
216,0,-0.0263482789433213,-0.225354776676962,0.179059300470639,TRUE,"covers_zero",53,0.404414077147601
31,1,-0.0263270167883038,-0.25931146557776,0.192721244132046,TRUE,"covers_zero",54,0.452032709709806
131,0,-0.0259440533433894,-0.256939786984854,0.196942641303625,TRUE,"covers_zero",55,0.453882428288479
42,1,-0.0251347093628466,-0.277952873712594,0.225906845433523,TRUE,"covers_zero",56,0.503859719146117
256,0,-0.024858402172654,-0.257451657627289,0.187844112269479,TRUE,"covers_zero",57,0.445295769896768
257,0,-0.0243503952159035,-0.270797184416131,0.199496239481115,TRUE,"covers_zero",58,0.470293423897246
25,0,-0.0237910238456764,-0.252266232046669,0.217356571905366,TRUE,"covers_zero",59,0.469622803952035
235,0,-0.0236202354470748,-0.221873650278373,0.201383099518378,TRUE,"covers_zero",60,0.423256749796751
46,1,-0.0233547091562887,-0.289343356133598,0.186992938957475,TRUE,"covers_zero",61,0.476336295091073
290,1,-0.0229917706221302,-0.214706327816929,0.177991560255933,TRUE,"covers_zero",62,0.392697888072862
137,1,-0.0225976037212005,-0.231221464792285,0.175796467761118,TRUE,"covers_zero",63,0.407017932553403
124,1,-0.0225578084184818,-0.254746122102786,0.185391493980607,TRUE,"covers_zero",64,0.440137616083393
129,0,-0.0218133559930836,-0.256390108004784,0.186537273512245,TRUE,"covers_zero",65,0.442927381517029
176,1,-0.0211798689315332,-0.261329932614398,0.203267297574174,TRUE,"covers_zero",66,0.464597230188572
251,1,-0.0206856500888699,-0.253994658239053,0.225329329203726,TRUE,"covers_zero",67,0.479323987442779
211,1,-0.0206766488241682,-0.283848731115208,0.228209681042768,TRUE,"covers_zero",68,0.512058412157976
79,0,-0.0203763049533344,-0.245134381516973,0.177680089803371,TRUE,"covers_zero",69,0.422814471320344
108,1,-0.019986975556788,-0.287879548688057,0.242806564018449,TRUE,"covers_zero",70,0.530686112706506
160,0,-0.0199068862504215,-0.230224946363552,0.176393860705556,TRUE,"covers_zero",71,0.406618807069108
167,0,-0.0198249978401424,-0.206754753074401,0.174509835483375,TRUE,"covers_zero",72,0.381264588557776
72,0,-0.0195041774242943,-0.258364440308747,0.206373752825569,TRUE,"covers_zero",73,0.464738193134316
273,1,-0.0190783796842226,-0.229498257738303,0.196083077143243,TRUE,"covers_zero",74,0.425581334881546
84,0,-0.0187266344909335,-0.240839830293697,0.187034747270917,TRUE,"covers_zero",75,0.427874577564614
192,1,-0.0179695897338873,-0.250121128137718,0.230831478722788,TRUE,"covers_zero",76,0.480952606860506
127,0,-0.0178696455693471,-0.208457389431664,0.189822300837267,TRUE,"covers_zero",77,0.398279690268931
270,0,-0.0178612342327436,-0.247220978515782,0.191524243931198,TRUE,"covers_zero",78,0.43874522244698
66,1,-0.0178544372062277,-0.245056925142032,0.215767929122717,TRUE,"covers_zero",79,0.460824854264749
158,0,-0.0176789051381327,-0.211709089132787,0.177079219130624,TRUE,"covers_zero",80,0.388788308263411
278,1,-0.0174640342495251,-0.23058387787264,0.189728996809118,TRUE,"covers_zero",81,0.420312874681758
38,0,-0.0173245442660895,-0.285365463381666,0.223281566729038,TRUE,"covers_zero",82,0.508647030110704
34,1,-0.0172541523544286,-0.233908694137265,0.195656956437679,TRUE,"covers_zero",83,0.429565650574944
113,1,-0.017125009790206,-0.252526782067311,0.191937567492995,TRUE,"covers_zero",84,0.444464349560306
165,1,-0.0164081560561524,-0.267018854219763,0.237585688107526,TRUE,"covers_zero",85,0.504604542327289
58,1,-0.0161335631254157,-0.260798919088436,0.220219406151678,TRUE,"covers_zero",86,0.481018325240114
85,1,-0.0158728160384001,-0.245639190744321,0.205888051349791,TRUE,"covers_zero",87,0.451527242094112
54,0,-0.0152167556120514,-0.254179287609412,0.226713236587656,TRUE,"covers_zero",88,0.480892524197068
139,1,-0.0151557845910726,-0.234621583208355,0.209726117604917,TRUE,"covers_zero",89,0.444347700813272
247,1,-0.0150068964876028,-0.215654398465402,0.172149331951725,TRUE,"covers_zero",90,0.387803730417127
201,1,-0.0149011927041787,-0.269866846545521,0.215092433098004,TRUE,"covers_zero",91,0.484959279643525
112,1,-0.0148441798721745,-0.233758023839922,0.188450854882261,TRUE,"covers_zero",92,0.422208878722183
32,0,-0.0148262983235493,-0.228239041056559,0.196024270011163,TRUE,"covers_zero",93,0.424263311067722
65,1,-0.0146534346581556,-0.226833622219907,0.182159422702229,TRUE,"covers_zero",94,0.408993044922136
184,1,-0.0141818232888535,-0.221082435207187,0.215560572442777,TRUE,"covers_zero",95,0.436643007649964
282,0,-0.0141763435136245,-0.245061674382662,0.215956137793598,TRUE,"covers_zero",96,0.46101781217626
99,1,-0.0141161287740543,-0.257897469926363,0.228539743096283,TRUE,"covers_zero",97,0.486437213022646
45,1,-0.0140657311091367,-0.251070477286511,0.242810805728151,TRUE,"covers_zero",98,0.493881283014662
126,1,-0.0140323138228971,-0.222710142615361,0.191890577683413,TRUE,"covers_zero",99,0.414600720298774
219,1,-0.0140273980212398,-0.20337001891643,0.159745144676036,TRUE,"covers_zero",100,0.363115163592466
97,1,-0.0140231347991415,-0.217331904840559,0.206726441170505,TRUE,"covers_zero",101,0.424058346011064
276,0,-0.0136539252127043,-0.275940091902225,0.223093695575127,TRUE,"covers_zero",102,0.499033787477352
248,1,-0.0134759226782153,-0.258052486261341,0.22073036963691,TRUE,"covers_zero",103,0.478782855898251
27,1,-0.0126440572817211,-0.254763411524283,0.210903645974274,TRUE,"covers_zero",104,0.465667057498557
238,1,-0.01255494583332,-0.231536556664359,0.210456379901468,TRUE,"covers_zero",105,0.441992936565827
61,1,-0.012317159563514,-0.230302121539544,0.202256194333154,TRUE,"covers_zero",106,0.432558315872698
48,0,-0.0122368076816308,-0.217152886561072,0.192406335898725,TRUE,"covers_zero",107,0.409559222459797
180,0,-0.0121683811330099,-0.22832134484988,0.212378659800942,TRUE,"covers_zero",108,0.440700004650822
234,0,-0.0121341530781667,-0.285612285347505,0.223474779408524,TRUE,"covers_zero",109,0.509087064756029
163,1,-0.0120440106663534,-0.214034939753996,0.21353400752293,TRUE,"covers_zero",110,0.427568947276926
135,0,-0.0118638047768066,-0.228521686669618,0.210092579044423,TRUE,"covers_zero",111,0.438614265714041
21,1,-0.0113263337801323,-0.266759910293522,0.245357545175942,TRUE,"covers_zero",112,0.512117455469464
244,1,-0.0106911280983817,-0.248699457612522,0.22934500203906,TRUE,"covers_zero",113,0.478044459651582
142,0,-0.0104747648869783,-0.259772423088907,0.226011125501879,TRUE,"covers_zero",114,0.485783548590786
6,1,-0.0104710687509688,-0.250598914407867,0.256457949967116,TRUE,"covers_zero",115,0.507056864374983
100,1,-0.0100539476593317,-0.224795240536514,0.222934693548336,TRUE,"covers_zero",116,0.44772993408485
177,0,-0.0095770751499083,-0.204086813231022,0.185348117248719,TRUE,"covers_zero",117,0.389434930479741
196,1,-0.00946995577689574,-0.259772423088907,0.229257123091374,TRUE,"covers_zero",118,0.489029546180281
76,1,-0.00945923546903295,-0.238090486775752,0.205137627853207,TRUE,"covers_zero",119,0.443228114628959
224,1,-0.00932633109277452,-0.268026163336592,0.249164247161194,TRUE,"covers_zero",120,0.517190410497786
245,0,-0.00928097957103022,-0.22873115182173,0.187123109484979,TRUE,"covers_zero",121,0.415854261306709
132,0,-0.00912098134767275,-0.269348570901951,0.249529401558216,TRUE,"covers_zero",122,0.518877972460167
221,0,-0.0090435353177215,-0.201707508392405,0.216064617797931,TRUE,"covers_zero",123,0.417772126190336
122,0,-0.00893548035226052,-0.255071678550136,0.248047608499682,TRUE,"covers_zero",124,0.503119287049818
107,0,-0.00882538956221322,-0.254230722845439,0.232708607317741,TRUE,"covers_zero",125,0.48693933016318
36,0,-0.00865246723204299,-0.252883461098478,0.213225201905801,TRUE,"covers_zero",126,0.466108663004279
200,0,-0.00836621546543802,-0.224054648776812,0.216114268702284,TRUE,"covers_zero",127,0.440168917479096
39,0,-0.00836179680866922,-0.219489506101,0.197871171302098,TRUE,"covers_zero",128,0.417360677403098
90,1,-0.00814440774513092,-0.24615262538341,0.223539752593539,TRUE,"covers_zero",129,0.469692377976949
275,0,-0.00798259473144252,-0.199466196606496,0.180646564682972,TRUE,"covers_zero",130,0.380112761289468
254,1,-0.00765199544222484,-0.243634207951066,0.208593410794924,TRUE,"covers_zero",131,0.45222761874599
18,0,-0.0072538105855496,-0.203504430308877,0.205095449053094,TRUE,"covers_zero",132,0.408599879361971
253,0,-0.0068876038540427,-0.22465461511285,0.223926825156702,TRUE,"covers_zero",133,0.448581440269552
259,1,-0.00669072180250315,-0.219607437185366,0.200647786221331,TRUE,"covers_zero",134,0.420255223406697
80,1,-0.00667419411395158,-0.221600475339533,0.21189771644448,TRUE,"covers_zero",135,0.433498191784013
217,1,-0.0066465722583063,-0.286309021844216,0.242475514230848,TRUE,"covers_zero",136,0.528784536075064
281,0,-0.00663757430765336,-0.206653883616525,0.201942890449713,TRUE,"covers_zero",137,0.408596774066238
143,1,-0.00652973627025977,-0.194382245574177,0.219049664610889,TRUE,"covers_zero",138,0.413431910185066
241,0,-0.00641356349426522,-0.203373904625461,0.183998166336114,TRUE,"covers_zero",139,0.387372070961575
164,1,-0.00615943571460019,-0.217344085648598,0.219642328552551,TRUE,"covers_zero",140,0.436986414201149
29,1,-0.00613152286336202,-0.225640152772463,0.182910129751385,TRUE,"covers_zero",141,0.408550282523848
198,1,-0.00600950165854945,-0.227866621317514,0.209437906405236,TRUE,"covers_zero",142,0.43730452772275
218,0,-0.00600805823960667,-0.225640152772463,0.182910129751385,TRUE,"covers_zero",143,0.408550282523848
174,0,-0.00566069776616852,-0.244309228338566,0.256182320473997,TRUE,"covers_zero",144,0.500491548812563
280,1,-0.005384104243445,-0.202548548509194,0.200159879089025,TRUE,"covers_zero",145,0.402708427598219
277,0,-0.00533365727131697,-0.235134948851438,0.215820834256016,TRUE,"covers_zero",146,0.450955783107454
134,1,-0.00512547418045904,-0.214118928189308,0.208891474748005,TRUE,"covers_zero",147,0.423010402937313
249,0,-0.00500282380382458,-0.209408994893394,0.214991347366838,TRUE,"covers_zero",148,0.424400342260232
67,0,-0.00482895910206125,-0.2152518163214,0.21287215975152,TRUE,"covers_zero",149,0.42812397607292
284,1,-0.00446882763826144,-0.202073870767437,0.186786461972625,TRUE,"covers_zero",150,0.388860332740062
178,0,-0.00434925824836029,-0.202014001837584,0.21772882355947,TRUE,"covers_zero",151,0.419742825397054
202,0,-0.00430877730271536,-0.245144291331415,0.217470994605692,TRUE,"covers_zero",152,0.462615285937107
128,1,-0.00405268793474531,-0.201943393218093,0.191100307886726,TRUE,"covers_zero",153,0.393043701104819
16,1,-0.00353719960934584,-0.238345453905381,0.221529416851068,TRUE,"covers_zero",154,0.459874870756449
225,0,-0.00347099497509167,-0.243406339952248,0.246861846322471,TRUE,"covers_zero",155,0.490268186274719
11,0,-0.00299499101645218,-0.206722979715411,0.205190247500436,TRUE,"covers_zero",156,0.411913227215847
24,1,-0.00291586613920153,-0.257362258065361,0.232108701616396,TRUE,"covers_zero",157,0.489470959681757
170,1,-0.00273889705594638,-0.232405914502353,0.227826306235078,TRUE,"covers_zero",158,0.460232220737431
93,0,-0.00273270563969171,-0.209139417884922,0.241531416279033,TRUE,"covers_zero",159,0.450670834163955
3,0,-0.00259028131273218,-0.204193901555489,0.211840601257216,TRUE,"covers_zero",160,0.416034502812705
182,1,-0.00256563710085067,-0.232255858095194,0.223413961096187,TRUE,"covers_zero",161,0.455669819191381
159,0,-0.00240244601153156,-0.235572393932946,0.224320795085388,TRUE,"covers_zero",162,0.459893189018334
30,0,-0.00223350477963487,-0.220769686987531,0.222576433095816,TRUE,"covers_zero",163,0.443346120083347
156,0,-0.00222802224421547,-0.271178428338548,0.255400113852902,TRUE,"covers_zero",164,0.52657854219145
96,0,-0.00214374348536061,-0.228704062559773,0.216250255185404,TRUE,"covers_zero",165,0.444954317745177
226,1,-0.00207654927325471,-0.198895673365254,0.183800664094898,TRUE,"covers_zero",166,0.382696337460152
10,0,-0.00131357685362283,-0.23957306692126,0.241001037608785,TRUE,"covers_zero",167,0.480574104530045
153,0,-0.000414833233381265,-0.215341186733307,0.248217344225169,TRUE,"covers_zero",168,0.463558530958476
151,1,-0.00016711276766792,-0.215328412443103,0.241752478818658,TRUE,"covers_zero",169,0.457080891261761
63,1,-0.00013460536426424,-0.223040364550469,0.195909503090321,TRUE,"covers_zero",170,0.41894986764079
141,1,-0.000134587757898142,-0.199906317349837,0.204725939704021,TRUE,"covers_zero",171,0.404632257053858
14,1,9.5352969437616e-05,-0.21351230111611,0.203849156928068,TRUE,"covers_zero",172,0.417361458044178
4,0,0.000232806017094475,-0.21164346857489,0.227057407472548,TRUE,"covers_zero",173,0.438700876047438
207,1,0.000950065027293221,-0.229680266009277,0.247325141823754,TRUE,"covers_zero",174,0.477005407833031
223,0,0.000968508362017079,-0.223600454176578,0.230504482284585,TRUE,"covers_zero",175,0.454104936461163
187,0,0.00125009011514352,-0.195293702541499,0.215182995661819,TRUE,"covers_zero",176,0.410476698203318
26,0,0.00164237806614452,-0.20677165972648,0.257171060914415,TRUE,"covers_zero",177,0.463942720640895
208,1,0.00212721547145152,-0.219175629454792,0.243214288936049,TRUE,"covers_zero",178,0.462389918390841
149,0,0.00220867655846623,-0.205574690036223,0.235277392364934,TRUE,"covers_zero",179,0.440852082401157
41,0,0.00241250799836833,-0.187435542203501,0.218878651023977,TRUE,"covers_zero",180,0.406314193227478
50,1,0.0025817561711645,-0.207088868834477,0.236178032712944,TRUE,"covers_zero",181,0.443266901547421
115,1,0.0032109136992551,-0.20136677021184,0.243817437853932,TRUE,"covers_zero",182,0.445184208065772
57,0,0.00348936122538372,-0.244389354168715,0.284930494668085,TRUE,"covers_zero",183,0.5293198488368
279,1,0.00350958509896657,-0.269141986483079,0.249313997883843,TRUE,"covers_zero",184,0.518455984366922
269,0,0.00416222403041605,-0.258841881395042,0.282287814351151,TRUE,"covers_zero",185,0.541129695746193
237,1,0.00440066826706708,-0.204578572992967,0.229599531581887,TRUE,"covers_zero",186,0.434178104574854
17,0,0.00458541667045547,-0.204754179402524,0.210521898413992,TRUE,"covers_zero",187,0.415276077816516
15,0,0.00467567909005869,-0.200766934969334,0.219152423053728,TRUE,"covers_zero",188,0.419919358023062
64,1,0.00473981320802931,-0.219603466475242,0.232272881744886,TRUE,"covers_zero",189,0.451876348220128
263,1,0.00506495658117101,-0.190451463714664,0.204519606366314,TRUE,"covers_zero",190,0.394971070080978
205,1,0.00562026884204199,-0.25011189596708,0.268026078054833,TRUE,"covers_zero",191,0.518137974021913
43,0,0.00656720803012509,-0.305521914831786,0.323495083799793,TRUE,"covers_zero",192,0.629016998631579
37,1,0.00664849551949197,-0.188615195782761,0.207257813993612,TRUE,"covers_zero",193,0.395873009776373
146,0,0.00678847012277093,-0.229370626893509,0.249385044481578,TRUE,"covers_zero",194,0.478755671375087
136,0,0.00740967053015676,-0.201729165325718,0.24227590599918,TRUE,"covers_zero",195,0.444005071324898
47,0,0.00784654590125264,-0.261922844348892,0.294464783654487,TRUE,"covers_zero",196,0.556387628003379
173,1,0.00796071129580872,-0.266600157910825,0.281835200292311,TRUE,"covers_zero",197,0.548435358203136
285,1,0.00912353247835603,-0.184507806654068,0.228085853443985,TRUE,"covers_zero",198,0.412593660098053
162,1,0.00987084528042914,-0.220313392782037,0.261438246041139,TRUE,"covers_zero",199,0.481751638823176
262,1,0.00991936461709916,-0.241600126295005,0.246547545989129,TRUE,"covers_zero",200,0.488147672284134
220,0,0.0103268543301962,-0.252882551271019,0.238541060218071,TRUE,"covers_zero",201,0.49142361148909
7,1,0.0108116851224136,-0.210671143511867,0.2303775448153,TRUE,"covers_zero",202,0.441048688327167
292,0,0.0110188456976948,-0.204903117866638,0.269590331727944,TRUE,"covers_zero",203,0.474493449594582
286,0,0.0114262318575136,-0.245647600003335,0.288532969707672,TRUE,"covers_zero",204,0.534180569711007
250,1,0.0116673007460591,-0.202443718090215,0.229499060501573,TRUE,"covers_zero",205,0.431942778591788
116,0,0.0118206332827447,-0.196976721005214,0.245870036013923,TRUE,"covers_zero",206,0.442846757019137
236,1,0.0119883742419169,-0.201757997776849,0.243550263490303,TRUE,"covers_zero",207,0.445308261267152
199,0,0.0120598241186666,-0.284278467221687,0.297448275481769,TRUE,"covers_zero",208,0.581726742703456
104,0,0.0120768112258445,-0.19257102989778,0.226957639908847,TRUE,"covers_zero",209,0.419528669806627
95,1,0.0126487100029419,-0.284268826393341,0.262714764283175,TRUE,"covers_zero",210,0.546983590676516
52,1,0.0128033723318761,-0.198842282767812,0.257550213850106,TRUE,"covers_zero",211,0.456392496617918
289,0,0.0131174076041615,-0.254311977037825,0.242024110907998,TRUE,"covers_zero",212,0.496336087945823
193,1,0.0132396232951635,-0.294316072386568,0.302923032785536,TRUE,"covers_zero",213,0.597239105172104
55,1,0.0134992242619998,-0.255750529823877,0.271058004239176,TRUE,"covers_zero",214,0.526808534063053
59,0,0.0137365241995055,-0.187586097440874,0.229886038992767,TRUE,"covers_zero",215,0.417472136433641
195,1,0.0139561394801443,-0.232778845141788,0.247985680620204,TRUE,"covers_zero",216,0.480764525761992
60,1,0.0142566579693671,-0.24462369655557,0.266133267271299,TRUE,"covers_zero",217,0.510756963826869
78,1,0.0142672417154903,-0.234417786110715,0.268368619757225,TRUE,"covers_zero",218,0.50278640586794
28,0,0.0144663494423984,-0.207471139565664,0.238021764157173,TRUE,"covers_zero",219,0.445492903722837
88,1,0.0149166187840485,-0.218152335025443,0.25567847975352,TRUE,"covers_zero",220,0.473830814778963
203,0,0.015184921122041,-0.249103076952218,0.271639434367374,TRUE,"covers_zero",221,0.520742511319592
267,1,0.0156276584104566,-0.207708121720059,0.259697802474081,TRUE,"covers_zero",222,0.46740592419414
12,1,0.016038950655105,-0.208910568747043,0.258886927299251,TRUE,"covers_zero",223,0.467797496046294
110,0,0.0164158375939307,-0.215944850028466,0.266365896319468,TRUE,"covers_zero",224,0.482310746347934
77,1,0.0164356654968594,-0.205858882569958,0.243410221989202,TRUE,"covers_zero",225,0.44926910455916
183,1,0.0167345365756479,-0.216538599445009,0.246878235438973,TRUE,"covers_zero",226,0.463416834883982
271,0,0.0168860652533733,-0.218160986277864,0.2819757178764,TRUE,"covers_zero",227,0.500136704154264
268,1,0.0170199257455972,-0.241297350850919,0.285235372524857,TRUE,"covers_zero",228,0.526532723375776
189,0,0.0170297730586392,-0.190997258761956,0.242573116280532,TRUE,"covers_zero",229,0.433570375042488
35,0,0.0186992025278172,-0.189092529671533,0.24826736779123,TRUE,"covers_zero",230,0.437359897462763
228,0,0.0197883315647262,-0.212619751572339,0.238669738974811,TRUE,"covers_zero",231,0.45128949054715
130,1,0.0198620128680809,-0.175831568853912,0.229843863710988,TRUE,"covers_zero",232,0.4056754325649
185,1,0.0200415524039666,-0.247685374111423,0.293535190779952,TRUE,"covers_zero",233,0.541220564891375
114,1,0.0207012721879923,-0.199925782729068,0.265931196865841,TRUE,"covers_zero",234,0.465856979594909
89,1,0.0211359266676611,-0.255312602109983,0.284296028808768,TRUE,"covers_zero",235,0.539608630918751
119,0,0.0219372535826351,-0.205432162333315,0.285913383973791,TRUE,"covers_zero",236,0.491345546307106
125,0,0.0221791559187587,-0.263148445317448,0.308389089323166,TRUE,"covers_zero",237,0.571537534640614
283,0,0.0226607379932331,-0.254241452400747,0.292612435558491,TRUE,"covers_zero",238,0.546853887959238
210,1,0.0236019865920103,-0.242947277676428,0.298781951915774,TRUE,"covers_zero",239,0.541729229592202
212,0,0.0239057069231048,-0.195866374956425,0.264626660636907,TRUE,"covers_zero",240,0.460493035593332
87,0,0.0251494316877909,-0.247006895412722,0.290368494696957,TRUE,"covers_zero",241,0.537375390109679
161,0,0.0257836181642793,-0.181101997548493,0.265228015527697,TRUE,"covers_zero",242,0.44633001307619
231,0,0.0259176610457963,-0.184402024905405,0.269951755340289,TRUE,"covers_zero",243,0.454353780245694
188,0,0.0276622867889651,-0.256400000262174,0.334762439076991,TRUE,"covers_zero",244,0.591162439339165
175,0,0.027975999326989,-0.209600326488212,0.279098980615054,TRUE,"covers_zero",245,0.488699307103266
101,1,0.0292617652330531,-0.193835186597772,0.269544533565893,TRUE,"covers_zero",246,0.463379720163665
155,0,0.0296442780507121,-0.212889795676355,0.249481131278671,TRUE,"covers_zero",247,0.462370926955026
264,0,0.0299811590337919,-0.2144927524608,0.264142613143423,TRUE,"covers_zero",248,0.478635365604223
209,1,0.0299954296549065,-0.224768713358026,0.294329014605423,TRUE,"covers_zero",249,0.519097727963449
102,1,0.0303719559225182,-0.175741193331709,0.292412912406258,TRUE,"covers_zero",250,0.468154105737967
98,1,0.0305552093656612,-0.235462471196807,0.288841632901588,TRUE,"covers_zero",251,0.524304104098395
19,1,0.0307170189135738,-0.187402241931721,0.285070151303973,TRUE,"covers_zero",252,0.472472393235694
105,0,0.0316764527586481,-0.23251428344877,0.284792225007663,TRUE,"covers_zero",253,0.517306508456433
181,0,0.0317909252898614,-0.170408652304668,0.244129243687667,TRUE,"covers_zero",254,0.414537895992335
40,0,0.0320201662578538,-0.222985675691683,0.284226849770694,TRUE,"covers_zero",255,0.507212525462377
94,1,0.0323529136622791,-0.221949620301551,0.344044331987022,TRUE,"covers_zero",256,0.565993952288573
20,1,0.0341582275640997,-0.218868084001,0.2869777397666,TRUE,"covers_zero",257,0.5058458237676
266,0,0.0349636548327116,-0.204451127180989,0.325012694526932,TRUE,"covers_zero",258,0.529463821707921
106,0,0.035353136927303,-0.212219095199477,0.282898179096696,TRUE,"covers_zero",259,0.495117274296173
51,0,0.0375974808430351,-0.187578789763799,0.294706425756241,TRUE,"covers_zero",260,0.48228521552004
206,1,0.0381175411341919,-0.156014423505671,0.287000508384622,TRUE,"covers_zero",261,0.443014931890293
70,0,0.0393721145890024,-0.178860890082447,0.281133921916108,TRUE,"covers_zero",262,0.459994811998555
73,0,0.0398513401769061,-0.181054336707696,0.261046165321145,TRUE,"covers_zero",263,0.442100502028841
154,0,0.0405373973245786,-0.225209054947201,0.296791023432925,TRUE,"covers_zero",264,0.522000078380126
260,1,0.0417039298618085,-0.189333245973007,0.302843541254682,TRUE,"covers_zero",265,0.492176787227689
265,1,0.0418577073345576,-0.196099436503634,0.321888583466064,TRUE,"covers_zero",266,0.517988019969698
222,0,0.0427261641274483,-0.198277601410792,0.295967559883583,TRUE,"covers_zero",267,0.494245161294375
123,0,0.0431843561360785,-0.155146811114983,0.286841674684232,TRUE,"covers_zero",268,0.441988485799215
150,0,0.0443376250105505,-0.182083306236265,0.291896235742734,TRUE,"covers_zero",269,0.473979541978999
239,1,0.0450994691753382,-0.171727798556187,0.269576503951361,TRUE,"covers_zero",270,0.441304302507548
138,1,0.0454616747802703,-0.180340798489433,0.274966542794568,TRUE,"covers_zero",271,0.455307341284001
288,0,0.0457111513095237,-0.169220886668911,0.293443815956861,TRUE,"covers_zero",272,0.462664702625772
261,0,0.0458431104079733,-0.181482099695232,0.301225516162987,TRUE,"covers_zero",273,0.482707615858219
194,0,0.0466966034061416,-0.169771102113525,0.298494175295352,TRUE,"covers_zero",274,0.468265277408877
190,1,0.0471078285600993,-0.197097602148757,0.297092702853306,TRUE,"covers_zero",275,0.494190305002063
191,1,0.0479005965029657,-0.192040092298805,0.301853042742164,TRUE,"covers_zero",276,0.493893135040969
121,0,0.0492151706108031,-0.159938994547392,0.293886846002265,TRUE,"covers_zero",277,0.453825840549657
83,1,0.0530350257473322,-0.175667485175345,0.325933412309599,TRUE,"covers_zero",278,0.501600897484944
168,1,0.0540945785754297,-0.157738502595703,0.307586590412792,TRUE,"covers_zero",279,0.465325093008495
118,0,0.0542203097648497,-0.152724185065166,0.344791820935791,TRUE,"covers_zero",280,0.497516006000957
171,1,0.0544076322463532,-0.149116485966315,0.309056695583899,TRUE,"covers_zero",281,0.458173181550214
91,0,0.054547482183995,-0.153679685591113,0.275008634110688,TRUE,"covers_zero",282,0.428688319701801
13,0,0.0565813712152455,-0.211639499086114,0.324721833606055,TRUE,"covers_zero",283,0.536361332692169
53,0,0.0576236477115123,-0.159749526557863,0.314407468113474,TRUE,"covers_zero",284,0.474156994671337
69,1,0.0577276606006762,-0.204406638210553,0.335215699301871,TRUE,"covers_zero",285,0.539622337512424
179,1,0.0581348543590215,-0.207198279730365,0.325781801075548,TRUE,"covers_zero",286,0.532980080805913
2,0,0.0601804849442998,-0.173354675973719,0.351989955708215,TRUE,"covers_zero",287,0.525344631681934
49,0,0.0624038297192841,-0.190409336144929,0.336885618552771,TRUE,"covers_zero",288,0.5272949546977
82,1,0.0633249907225529,-0.169160048922043,0.350479076385972,TRUE,"covers_zero",289,0.519639125308015
144,1,0.0655585337787221,-0.16197041781012,0.355047268367887,TRUE,"covers_zero",290,0.517017686178007
74,0,0.0696157160953442,-0.154355928752654,0.325774939424549,TRUE,"covers_zero",291,0.480130868177203
291,0,0.0696157160953442,-0.154355928752654,0.325774939424549,TRUE,"covers_zero",292,0.480130868177203
