,Child_1,Child_2
Node_124,Node_1,Node_125
Node_125,Node_126,Node_201
Node_126,Node_127,Node_136
Node_127,Node_2,Node_128
Node_128,Node_129,Node_135
Node_129,Node_3,Node_130
Node_130,Node_131,Node_134
Node_131,Node_4,Node_132
Node_132,Node_133,Node_7
Node_133,Node_5,Node_6
Node_134,Node_8,Node_9
Node_135,Node_10,Node_11
Node_136,Node_137,Node_138
Node_137,Node_12,Node_13
Node_138,Node_139,Node_186
Node_139,Node_140,Node_147
Node_140,Node_141,Node_145
Node_141,Node_142,Node_143
Node_142,Node_14,Node_15
Node_143,Node_16,Node_144
Node_144,Node_17,Node_18
Node_145,Node_19,Node_146
Node_146,Node_20,Node_21
Node_147,Node_22,Node_148
Node_148,Node_149,Node_162
Node_149,Node_150,Node_155
Node_150,Node_23,Node_151
Node_151,Node_152,Node_28
Node_152,Node_24,Node_153
Node_153,Node_154,Node_27
Node_154,Node_25,Node_26
Node_155,Node_156,Node_158
Node_156,Node_157,Node_31
Node_157,Node_29,Node_30
Node_158,Node_159,Node_161
Node_159,Node_32,Node_160
Node_160,Node_33,Node_34
Node_161,Node_35,Node_36
Node_162,Node_37,Node_163
Node_163,Node_164,Node_165
Node_164,Node_38,Node_39
Node_165,Node_166,Node_175
Node_166,Node_167,Node_170
Node_167,Node_40,Node_168
Node_168,Node_41,Node_169
Node_169,Node_42,Node_43
Node_170,Node_44,Node_171
Node_171,Node_172,Node_173
Node_172,Node_45,Node_46
Node_173,Node_174,Node_49
Node_174,Node_47,Node_48
Node_175,Node_176,Node_177
Node_176,Node_50,Node_51
Node_177,Node_178,Node_182
Node_178,Node_179,Node_180
Node_179,Node_52,Node_53
Node_180,Node_54,Node_181
Node_181,Node_55,Node_56
Node_182,Node_183,Node_184
Node_183,Node_57,Node_58
Node_184,Node_59,Node_185
Node_185,Node_60,Node_61
Node_186,Node_187,Node_189
Node_187,Node_62,Node_188
Node_188,Node_63,Node_64
Node_189,Node_190,Node_192
Node_190,Node_191,Node_67
Node_191,Node_65,Node_66
Node_192,Node_193,Node_200
Node_193,Node_194,Node_195
Node_194,Node_68,Node_69
Node_195,Node_196,Node_198
Node_196,Node_70,Node_197
Node_197,Node_71,Node_72
Node_198,Node_73,Node_199
Node_199,Node_74,Node_75
Node_200,Node_76,Node_77
Node_201,Node_202,Node_236
Node_202,Node_78,Node_203
Node_203,Node_79,Node_204
Node_204,Node_205,Node_208
Node_205,Node_80,Node_206
Node_206,Node_81,Node_207
Node_207,Node_82,Node_83
Node_208,Node_209,Node_210
Node_209,Node_84,Node_85
Node_210,Node_211,Node_212
Node_211,Node_86,Node_87
Node_212,Node_213,Node_230
Node_213,Node_214,Node_218
Node_214,Node_215,Node_217
Node_215,Node_88,Node_216
Node_216,Node_89,Node_90
Node_217,Node_91,Node_92
Node_218,Node_219,Node_226
Node_219,Node_220,Node_221
Node_220,Node_93,Node_94
Node_221,Node_95,Node_222
Node_222,Node_96,Node_223
Node_223,Node_224,Node_225
Node_224,Node_97,Node_98
Node_225,Node_99,Node_100
Node_226,Node_227,Node_228
Node_227,Node_101,Node_102
Node_228,Node_229,Node_105
Node_229,Node_103,Node_104
Node_230,Node_106,Node_231
Node_231,Node_107,Node_232
Node_232,Node_233,Node_234
Node_233,Node_108,Node_109
Node_234,Node_110,Node_235
Node_235,Node_111,Node_112
Node_236,Node_237,Node_239
Node_237,Node_113,Node_238
Node_238,Node_114,Node_115
Node_239,Node_116,Node_240
Node_240,Node_117,Node_241
Node_241,Node_118,Node_242
Node_242,Node_119,Node_243
Node_243,Node_244,Node_123
Node_244,Node_120,Node_245
Node_245,Node_121,Node_122
