real_split,real_n,synthetic,synthetic_n,metric,energy_U,energy_V,mean_cross_distance,mean_real_within_U,mean_synthetic_within_U,mean_real_within_V,mean_synthetic_within_V
train,1166,published_icfm,1000,euclidean,0.01095365109108759,0.012009450156354351,0.5701537790307356,0.5166562977500013,0.6126976092203823,0.516213196293955,0.6120849116111619
train,1166,regenerated_seed2,1000,euclidean,0.01120620825259655,0.012256061728793233,0.567307263076488,0.5166562977500013,0.6067520201503782,0.516213196293955,0.6061452681302278
train,1166,regenerated_seed101,1000,euclidean,0.0103817034487248,0.011430625565316044,0.5664293308718408,0.5166562977500013,0.6058206605449554,0.516213196293955,0.6052148398844105
train,1166,regenerated_seed102,1000,euclidean,0.009809723833267836,0.010856727223469087,0.5651839778690845,0.5166562977500013,0.6039019341548998,0.516213196293955,0.6032980322207449
train,1166,regenerated_seed103,1000,euclidean,0.009574476278132127,0.01063072943816834,0.569691239009022,0.5166562977500013,0.6131517039899105,0.516213196293955,0.6125385522859206
test,292,published_icfm,1000,euclidean,0.011550015287070337,0.013916438276749266,0.5681677178006747,0.5120878110938967,0.6126976092203823,0.5103340857134382,0.6120849116111619
test,292,regenerated_seed2,1000,euclidean,0.01084391173507293,0.013204389135681782,0.5648418714896739,0.5120878110938967,0.6067520201503782,0.5103340857134382,0.6061452681302278
test,292,regenerated_seed101,1000,euclidean,0.01009679379227646,0.012456339833279872,0.5640026327155643,0.5120878110938967,0.6058206605449554,0.5103340857134382,0.6052148398844105
test,292,regenerated_seed102,1000,euclidean,0.009547424256558856,0.011905051571172276,0.5627685847526777,0.5120878110938967,0.6039019341548998,0.5103340857134382,0.6032980322207449
test,292,regenerated_seed103,1000,euclidean,0.00941805115362293,0.011784928238071313,0.567328783118715,0.5120878110938967,0.6131517039899105,0.5103340857134382,0.6125385522859206
train,1166,published_icfm,1000,braycurtis,0.019310463039758363,0.020743243728369,0.7785313035398307,0.7373296206657955,0.8004225233741075,0.736697262500559,0.7996221008507334
train,1166,regenerated_seed2,1000,braycurtis,0.020781745024466725,0.022206841993976822,0.7754250849818831,0.7373296206657955,0.792738804273504,0.736697262500559,0.7919460654692304
train,1166,regenerated_seed101,1000,braycurtis,0.01903332200772556,0.020458489537102498,0.7745861534069753,0.7373296206657955,0.7928093641404296,0.736697262500559,0.7920165547762892
train,1166,regenerated_seed102,1000,braycurtis,0.01772172818736606,0.019144080273343134,0.7725226347968516,0.7373296206657955,0.7899939207405415,0.736697262500559,0.789203926819801
train,1166,regenerated_seed103,1000,braycurtis,0.01835811680597854,0.019786216357763564,0.7757145620100941,0.7373296206657955,0.7957413865484142,0.736697262500559,0.7949456451618657
test,292,published_icfm,1000,braycurtis,0.019852235634441828,0.02318108719542422,0.779288018995084,0.7383012789816188,0.8004225233741075,0.7357728499440105,0.7996221008507334
test,292,regenerated_seed2,1000,braycurtis,0.020017753456390786,0.02333892129827264,0.7755289183557568,0.7383012789816188,0.792738804273504,0.7357728499440105,0.7919460654692304
test,292,regenerated_seed101,1000,braycurtis,0.01835482058417337,0.021676058985922064,0.7747327318531109,0.7383012789816188,0.7928093641404296,0.7357728499440105,0.7920165547762892
test,292,regenerated_seed102,1000,braycurtis,0.017078600034014846,0.020397022992363678,0.7726868998780876,0.7383012789816188,0.7899939207405415,0.7357728499440105,0.789203926819801
test,292,regenerated_seed103,1000,braycurtis,0.01744468080244177,0.02076885122659855,0.7757436731662374,0.7383012789816188,0.7957413865484142,0.7357728499440105,0.7949456451618657
train,1166,published_icfm,1000,sqrt_composition_euclidean,0.011865069702482689,0.013876713560239118,1.0867777808020633,1.053942020562907,1.1077484713387369,1.0530381251764895,1.106640722867398
train,1166,regenerated_seed2,1000,sqrt_composition_euclidean,0.013109448849315974,0.015110718419195202,1.0822128264369173,1.053942020562907,1.0973741834616115,1.0530381251764895,1.0962768092781499
train,1166,regenerated_seed101,1000,sqrt_composition_euclidean,0.012271986976060356,0.014273252682598603,1.0817921638298733,1.053942020562907,1.0973703201207792,1.0530381251764895,1.0962729498006585
train,1166,regenerated_seed102,1000,sqrt_composition_euclidean,0.011202842554778103,0.013200784214632666,1.0795955682773122,1.053942020562907,1.0940462734369392,1.0530381251764895,1.0929522271635022
train,1166,regenerated_seed103,1000,sqrt_composition_euclidean,0.010969261295457944,0.012972964512797835,1.0823595563904114,1.053942020562907,1.0998078309224577,1.0530381251764895,1.0987080230915354
test,292,published_icfm,1000,sqrt_composition_euclidean,0.012974205714123777,0.017688492910487685,1.0869159923801073,1.053109307707354,1.1077484713387369,1.0495027689823289,1.106640722867398
test,292,regenerated_seed2,1000,sqrt_composition_euclidean,0.0125515857616465,0.017255498670133207,1.081517538465306,1.053109307707354,1.0973741834616115,1.0495027689823289,1.0962768092781499
test,292,regenerated_seed101,1000,sqrt_composition_euclidean,0.011500876922744263,0.01620478596788999,1.0809902523754387,1.053109307707354,1.0973703201207792,1.0495027689823289,1.0962729498006585
test,292,regenerated_seed102,1000,sqrt_composition_euclidean,0.010522971676198312,0.015223556674660355,1.0788392764102457,1.053109307707354,1.0940462734369392,1.0495027689823289,1.0929522271635022
test,292,regenerated_seed103,1000,sqrt_composition_euclidean,0.010044603386076378,0.01475094994202375,1.081480871007944,1.053109307707354,1.0998078309224577,1.0495027689823289,1.0987080230915354
