reference,generator,feature,reference_mean,generator_mean,wasserstein1,signed_mean_gap,absolute_mean_gap
real_train,published_icfm,shannon_entropy,2.26314384039854,1.9364019771973715,0.3338367449772407,-0.3267418632011685,0.3267418632011685
real_train,published_icfm,richness_above_1e-4,37.194682675814754,36.501,3.234828473413379,-0.6936826758147561,0.6936826758147561
real_train,published_icfm,sparsity_at_or_below_1e-4,0.697604205887685,0.7032439024390243,0.026299418483035603,0.005639696551339335,0.005639696551339335
real_train,published_icfm,dominant_taxon_abundance,0.3457828303931642,0.4046209906569968,0.06024185605269951,0.058838160263832595,0.058838160263832595
real_train,regenerated_icfm,shannon_entropy,2.26314384039854,1.9392417336392702,0.3265814422780893,-0.3239021067592698,0.3239021067592698
real_train,regenerated_icfm,richness_above_1e-4,37.194682675814754,36.785,2.762838765008576,-0.40968267581475715,0.40968267581475715
real_train,regenerated_icfm,sparsity_at_or_below_1e-4,0.697604205887685,0.7009349593495935,0.022462103780557532,0.0033307534619084755,0.0033307534619084755
real_train,regenerated_icfm,dominant_taxon_abundance,0.3457828303931642,0.3991822685960423,0.05389618245685041,0.05339943820287807,0.05339943820287807
real_test,published_icfm,shannon_entropy,2.2863447638937733,1.9364019771973715,0.3725214670351633,-0.3499427866964018,0.3499427866964018
real_test,published_icfm,richness_above_1e-4,37.61986301369863,36.501,4.031575342465754,-1.118863013698629,1.118863013698629
real_test,published_icfm,sparsity_at_or_below_1e-4,0.6941474551731819,0.7032439024390243,0.03277703530459962,0.009096447265842467,0.009096447265842467
real_test,published_icfm,dominant_taxon_abundance,0.338481782309809,0.4046209906569968,0.06980324532390343,0.06613920834718778,0.06613920834718778
real_test,regenerated_icfm,shannon_entropy,2.2863447638937733,1.9392417336392702,0.3611378316759707,-0.34710303025450306,0.34710303025450306
real_test,regenerated_icfm,richness_above_1e-4,37.61986301369863,36.785,3.5534383561643836,-0.8348630136986301,0.8348630136986301
real_test,regenerated_icfm,sparsity_at_or_below_1e-4,0.6941474551731819,0.7009349593495935,0.028889742733043764,0.006787504176411607,0.006787504176411607
real_test,regenerated_icfm,dominant_taxon_abundance,0.338481782309809,0.3991822685960423,0.06338835743028944,0.06070048628623326,0.06070048628623326
